,"Race/
Ethnicity/
Ancestry",Religion,"Sexual
orientation",Disability,Gender,"Gender
identity","1st
quarter","2nd
quarter","3rd
quarter","4th
quarter",Population
Abbeville,0,0,1,0,0,0,0,0,0,1,"5,153"
Abbeville,1,0,0,0,0,0,0,0,1,0,
Aberdeen,1,0,0,0,0,0,1,0,0,0,"15,720"
Aberdeen,0,0,1,0,0,0,0,1,0,0,"16,243"
Aberdeen Township,2,3,1,0,0,0,3,1,2,0,"18,403"
Abilene,3,0,0,0,0,0,0,1,2,0,"122,981"
Acton,5,2,1,0,0,0,1,1,4,2,"23,937"
Adams,1,0,0,0,0,0,0,0,0,1,
Adamsville,0,0,1,0,0,0,0,0,0,1,"2,207"
Adelanto,1,0,1,0,0,0,1,1,0,0,"33,693"
Adrian,1,0,0,0,0,0,0,0,1,0,"20,598"
Agawam,1,0,0,0,0,0,1,0,0,0,"28,839"
Akron,10,0,0,4,0,0,4,5,4,1,"197,412"
Alachua,1,0,0,0,0,0,0,0,1,0,
Alameda,6,1,2,1,0,0,0,0,7,3,"79,761"
Alameda,1,0,1,0,0,0,0,1,1,0,
Alameda County,1,0,0,0,0,0,0,0,0,1,
Alaska State Troopers,0,1,0,0,0,0,0,1,,,
Albany,4,0,0,0,0,0,0,0,2,2,"98,174"
Albany,1,0,1,0,0,0,1,0,0,1,"53,701"
Albany County ,2,0,0,0,0,0,1,0,0,1,
Albany,1,0,2,0,0,0,1,0,1,0,"19,880"
Albemarle,1,0,0,0,0,0,0,1,0,0,"16,022"
Albemarle County Police Department,2,0,0,0,0,0,0,2,0,0,
Albion,0,1,0,0,0,0,0,0,0,1,"8,293"
Albuquerque,4,2,1,0,0,0,,,4,3,"561,375"
Alcoa,0,1,0,0,0,0,0,0,0,1,"10,128"
Alexandria,1,2,0,0,0,0,1,2,0,0,"9,486"
Alexandria,1,2,2,0,0,0,3,2,0,0,"158,256"
Alhambra,1,0,0,0,0,1,1,1,0,0,"85,865"
Aliso Viejo,1,0,0,0,0,0,1,0,0,0,"51,984"
Allegan,1,0,0,0,0,0,0,0,1,0,
Alpena County,2,0,0,0,0,0,0,0,2,0,
Altavista,0,0,1,0,0,0,1,0,0,0,"3,470"
Altoona,1,0,0,0,0,0,1,0,0,0,"18,556"
Alvin,1,0,0,0,0,0,0,0,0,1,"26,488"
Amelia,1,1,0,0,0,0,0,2,0,0,"4,982"
Amelia,2,0,0,0,0,0,1,1,0,0,
Ames,1,0,0,0,0,0,0,0,1,0,"67,461"
Amherst College,0,0,2,0,0,0,2,0,,0,"1,849"
Amherst County,0,0,0,3,0,0,0,0,2,1,
Amherst,1,0,1,0,2,0,0,1,1,1,"40,313"
Anaheim,0,0,1,0,0,0,0,0,0,1,"353,400"
Anchorage,1,0,0,0,0,0,0,0,0,1,"296,188"
Anderson,0,1,0,0,0,0,0,0,1,0,
Anderson,1,0,0,0,0,0,0,1,0,0,
Andover,1,2,0,0,0,0,0,1,0,2,"35,898"
Andrews,7,0,0,0,0,0,4,2,1,0,"2,903"
Ann Arbor,3,13,3,0,0,0,1,2,8,8,"121,930"
Ann Arbor ,9,4,2,0,0,0,4,0,5,6,"44,718"
Annapolis,1,0,0,0,0,0,0,1,0,0,"39,596"
Anne Arundel County Police Department,5,1,2,0,0,1,4,3,2,0,
Antioch,1,0,0,0,0,0,0,1,0,0,"112,252"
Apache,2,0,0,0,0,0,0,0,0,2,
Apex,1,1,0,0,0,0,2,0,0,0,"49,159"
Apple Valley,0,1,0,0,0,0,0,0,1,0,"73,105"
Apple Valley,1,0,0,0,0,0,0,0,1,0,"52,439"
Appleton,1,3,0,0,0,0,0,0,1,3,"74,660"
Arapahoe,3,3,0,0,0,0,2,2,1,1,
Arcata,1,0,1,0,0,0,1,0,1,0,"18,054"
Ardsley Village,0,1,0,0,0,0,1,0,0,0,"4,663"
Arlington,2,7,1,1,0,3,6,7,1,0,"45,449"
Arlington,4,2,1,0,0,0,0,1,0,6,"397,377"
Arlington,1,0,0,0,0,0,0,1,0,0,"19,302"
Arlington County Police Department,2,2,0,0,0,0,1,1,2,0,
Arma,0,0,1,0,0,0,0,0,1,0,"1,438"
Arvada,1,0,1,0,0,0,2,0,0,0,"119,346"
Ashburnham,1,0,0,0,0,0,0,1,0,0,"6,255"
Asheville,4,2,1,0,0,0,3,2,2,0,"90,103"
Ashland,0,0,1,0,0,0,1,0,0,0,"20,927"
Ashland,0,0,0,1,0,0,0,0,0,1,
Ashland,1,0,0,0,0,0,0,0,0,1,"20,485"
Ashland,3,0,0,0,0,0,2,0,1,0,
Ashland,1,1,1,0,0,0,1,0,1,1,"21,908"
Aspen,1,0,0,0,0,0,0,1,0,0,"6,906"
Athens,1,0,0,0,0,0,0,1,0,0,
Atlanta,0,1,2,0,0,0,2,1,0,0,"481,343"
Attleboro,1,0,0,0,0,0,0,1,0,0,"44,607"
Atwater,1,0,0,0,0,1,1,0,1,0,"29,442"
Aubrey,0,0,1,0,0,0,1,0,0,0,"3,535"
Auburn,1,0,0,0,0,0,0,1,0,,"26,686"
Auburn,4,0,1,0,0,0,0,3,2,0,"78,718"
Augusta,0,1,0,0,0,0,1,0,0,0,"18,394"
Aurora,14,3,1,0,0,0,8,7,2,1,"368,018"
Aurora,2,0,0,0,0,0,1,1,0,0,"201,599"
Aurora,2,0,0,0,0,0,0,1,0,1,"15,932"
Austin,10,3,4,0,0,1,5,4,4,5,"971,949"
Austin,1,0,0,0,0,0,0,0,1,0,
Austin,0,1,0,0,0,0,0,0,0,1,
Austintown,1,0,0,0,0,0,0,1,0,0,"35,303"
Avon,1,0,0,0,0,0,1,0,0,0,"18,397"
Avondale,0,0,1,0,0,0,0,0,0,1,"84,041"
Azusa,2,0,0,0,0,0,0,0,1,1,"50,202"
Baker City,0,0,1,0,0,0,1,0,0,0,"9,764"
Bakersfield,4,0,3,0,0,0,0,3,0,4,"381,154"
Balch Springs,1,0,0,0,0,0,0,0,1,0,"25,199"
Baltimore,0,0,0,0,0,1,0,0,0,1,"613,217"
Baltimore,1,0,0,0,0,0,0,0,0,1,"2,973"
Baltimore County ,0,3,0,0,0,0,1,1,1,0,"13,640"
Baltimore County Police Department,5,1,0,0,0,4,6,1,3,0,
Bamberg,0,4,0,0,0,0,2,1,0,1,
Bangor,1,0,0,0,0,0,0,1,0,0,"1,839"
Barberton,2,0,0,0,0,0,0,0,1,1,"26,050"
Barboursville,0,1,0,0,0,0,1,0,0,0,"4,315"
Barbourville,1,0,0,0,1,0,0,1,0,1,"3,169"
Barnstable,2,0,0,0,0,0,0,1,0,1,"44,142"
Barren County Drug Task Force,3,0,0,0,0,0,1,1,1,0,
Barry County,3,0,0,0,0,0,0,0,3,0,
Bartlett,1,0,0,0,0,0,0,0,1,0,"58,895"
Barton,0,1,0,0,0,0,0,0,1,0,
Battle Creek,2,1,3,0,1,0,3,2,1,1,"60,852"
Battle Ground,1,0,0,0,0,0,1,0,0,0,"20,516"
Bay City,1,0,0,0,0,0,1,0,0,0,"33,286"
Bay County,2,0,1,0,0,0,0,1,2,0,
Beaufort,4,0,0,0,0,0,0,0,4,0,"13,612"
Beaufort,1,1,1,0,0,0,1,0,1,1,
Beaumont,1,0,0,0,0,0,0,1,0,0,"118,456"
Beaver Township,1,0,0,0,0,0,0,1,0,0,"6,427"
Beavercreek,1,0,0,0,0,0,0,0,1,0,"46,572"
Beaverton,1,2,0,0,0,0,0,1,1,1,"98,897"
Bedford,1,0,0,0,0,0,1,0,0,0,"49,947"
Bedford,1,0,0,0,0,0,0,0,0,1,"6,622"
Bedford,0,0,0,1,0,0,0,1,0,0,
Bell,0,1,0,0,0,0,0,0,0,1,"35,925"
Bell,0,1,0,0,0,0,1,0,0,0,
Bell Gardens,1,0,0,0,0,0,0,0,1,0,"42,930"
Belle Plaine,1,0,0,0,0,0,0,0,0,1,"7,066"
Bellefontaine,1,0,0,0,0,0,0,0,1,0,"13,144"
Belleville,1,0,0,0,0,0,0,0,1,0,"3,832"
Bellevue,11,4,0,0,0,1,3,3,6,4,"143,703"
Bellflower,0,1,0,0,0,0,0,0,0,1,"77,984"
Bellingham,9,0,1,0,1,0,0,5,3,3,"88,652"
Bellmead,1,0,0,0,0,0,0,1,0,0,"10,371"
Belmar,0,0,1,0,0,0,0,1,0,0,"5,666"
Belmont,0,1,0,0,0,0,1,0,0,0,"27,285"
Belmont,1,0,0,0,0,0,0,0,0,1,"26,432"
Belmont,1,0,0,0,0,0,0,0,0,1,
Beloit,0,2,0,0,0,0,2,0,0,,"36,724"
Belvidere,1,0,0,0,0,0,0,0,0,1,"2,589"
Benedict College,1,0,0,0,0,0,0,0,0,1,"2,281"
Benicia,1,0,0,0,0,0,0,1,0,0,"28,370"
Benson,0,1,0,0,0,0,1,0,0,0,"3,764"
Benton,1,0,0,0,0,0,0,0,1,0,"36,702"
Benton,1,0,0,0,0,0,1,0,0,0,
Benton,1,0,0,0,0,0,0,0,0,1,
Benton,0,2,0,0,0,0,0,0,2,0,
Benton Harbor,1,0,1,0,0,0,0,1,0,1,"9,899"
Benzie,3,0,0,0,0,0,0,1,0,2,
Bergen,1,1,0,0,0,0,2,,,,
Bergenfield,0,2,0,0,0,0,0,2,0,0,"27,891"
Berkeley,13,4,6,0,0,0,7,6,4,6,"122,687"
Berkeley,3,0,0,0,0,0,0,1,1,1,
Berkeley ,3,0,2,0,0,0,3,0,1,1,"40,154"
Berkeley Heights Township,1,0,0,0,0,0,0,0,1,0,"13,654"
Berkeley Township,0,1,0,0,0,0,0,0,1,0,"42,036"
Berlin,1,2,0,0,0,0,1,1,0,1,"20,601"
Berrien County,1,0,0,0,0,0,0,0,1,0,
Berrien Springs-Oronoko Township,1,0,0,0,0,0,0,0,1,0,"9,039"
Berwyn,1,1,1,0,0,0,1,0,1,1,"55,594"
Bethel,3,0,0,0,0,0,0,0,0,3,"19,796"
Bethlehem,1,0,0,0,0,0,0,0,0,1,"75,336"
Beverly,1,0,0,0,0,0,1,0,0,0,"41,678"
Beverly Hills,2,0,0,0,0,0,0,0,1,1,"34,781"
Biddeford,1,0,1,0,0,0,0,0,2,0,"21,378"
Birmingham,0,1,0,0,0,0,1,0,0,0,"21,162"
Bismarck,2,1,1,0,0,0,0,3,1,0,"74,397"
Blackman Township,23,0,0,0,0,0,1,4,3,15,"36,908"
Blacksburg,0,1,0,0,0,0,1,0,0,0,"45,443"
Blaine,3,0,0,0,0,0,1,1,0,1,"63,857"
Bloomfield,0,0,2,0,0,0,0,2,0,0,"20,667"
Bloomington,1,0,0,0,0,0,0,1,0,0,"78,203"
Bloomington,6,2,2,0,0,0,1,4,3,2,"85,121"
Blue Ash,1,0,0,0,0,0,0,1,0,0,"12,248"
Blue Springs,2,0,0,0,0,0,1,1,0,0,"54,727"
Boardman,2,0,0,0,0,0,0,0,2,0,"39,276"
Boca Raton,0,1,0,0,0,0,0,0,0,1,"98,069"
Boise,7,6,2,0,0,0,1,5,6,3,"225,677"
Bolivar,0,1,0,0,0,0,1,0,0,0,"5,066"
Bolton,1,0,0,0,0,0,0,0,1,0,"5,272"
Bonners Ferry,0,1,0,0,0,0,0,0,1,0,"2,574"
Boone,0,0,0,1,0,0,0,1,0,0,
Boone,14,1,0,0,0,0,6,3,5,1,
Boonton,0,1,0,0,0,0,0,1,0,0,"8,421"
Boston College,5,0,0,0,0,0,0,,,5,"14,466"
Boston University,5,3,1,0,0,0,3,2,2,1,"32,695"
Boston,79,28,33,0,0,1,29,42,36,33,"682,903"
Boulder,2,1,0,0,0,0,2,1,0,0,"109,722"
Boulder,0,3,0,0,0,0,3,0,0,0,
Bountiful,7,0,0,0,0,0,2,3,0,2,"44,312"
Bowling Green,18,2,2,2,1,0,3,4,10,8,"66,317"
Bowling Green,1,0,0,0,0,0,0,1,0,0,
Bowling Green State University,2,0,0,0,0,0,2,0,,,"17,644"
Boxford,0,1,0,0,0,0,0,0,0,1,"8,333"
Boyd,0,1,0,0,0,0,0,0,0,1,
Boyle,2,0,0,0,0,0,2,0,0,0,
Boyne City,1,1,0,0,0,0,1,1,0,0,"3,741"
Bozeman,0,2,0,0,0,0,1,0,1,0,"46,728"
Bradley Beach,1,1,0,0,0,0,1,1,0,0,"4,236"
Braintree,4,1,0,0,0,2,3,3,0,1,"37,579"
Brandywine,1,0,0,0,0,0,0,0,0,1,"1,379"
Branson,1,0,0,0,0,0,1,0,0,0,"11,571"
Brattleboro,2,0,1,0,0,0,1,0,1,0,"11,536"
Braxton,1,0,0,0,0,0,1,0,0,0,
Breckinridge,1,0,0,0,0,0,0,1,0,0,
Brecksville,0,0,1,0,0,0,0,0,0,1,"13,432"
Bremerton,0,0,1,0,0,0,1,0,0,0,"41,173"
Brentwood,1,0,0,0,0,1,0,1,1,0,"62,120"
Brick Township,0,2,0,0,0,0,0,0,2,0,"75,566"
Bridgeport,1,0,0,0,0,0,1,0,0,0,"8,401"
Bridgeport,5,0,2,0,0,0,1,1,1,3,"146,110"
Bridgeton,1,0,0,0,0,0,0,1,0,0,"24,937"
Bridgewater,1,0,0,0,0,0,0,1,0,0,"27,769"
Bridgewater Township,0,1,0,0,0,0,0,0,0,1,"45,417"
Brigantine,0,1,0,0,0,0,0,0,1,0,"8,976"
Brighton,0,0,1,0,0,0,0,0,1,0,"39,099"
Brighton,1,0,0,0,0,0,1,0,0,0,"2,949"
Brighton Town,0,1,0,0,0,0,0,0,1,0,"36,596"
Bristol,0,1,0,0,0,0,0,1,0,0,"3,908"
Brockton,1,0,0,0,0,0,0,0,0,1,"96,016"
Brooke,1,0,0,0,0,0,1,0,0,0,
Brookfield,1,0,0,0,0,0,1,0,0,0,"17,203"
Brookings,2,0,0,0,0,0,0,1,0,1,"24,198"
Brookings,0,2,0,1,0,0,0,0,3,0,
Brooklyn Park,5,0,1,0,0,0,0,3,3,0,"80,347"
Broomfield,1,0,0,0,0,0,1,0,0,0,"68,158"
Broward,1,0,0,0,0,0,1,0,0,0,
Brownsville,1,0,0,0,0,0,1,0,0,0,"9,698"
Brownwood,1,0,0,0,0,0,1,0,0,0,"19,133"
Brunswick,1,0,0,0,0,0,1,0,0,0,
Buckhannon,1,0,0,0,0,0,0,0,0,1,"5,610"
Buena Park,1,0,0,0,0,0,0,1,0,0,"83,552"
Buena Vista Township,2,0,0,0,0,0,0,1,0,1,"8,084"
Buffalo,6,0,2,0,0,0,2,4,2,0,"256,169"
Buffalo State College,0,0,1,0,0,0,1,0,0,0,"9,475"
Bullitt,0,0,1,0,0,0,0,0,1,0,
Buncombe,1,1,0,0,0,0,0,0,0,2,
Burbank,1,6,1,0,0,0,1,1,0,6,"104,622"
Burien,3,0,0,0,0,0,2,0,1,,"51,479"
Burkburnett,1,0,1,0,0,0,0,0,1,1,"11,142"
Burke,3,0,0,0,0,0,0,3,0,0,
Burleson,2,0,0,0,0,0,1,0,,1,"46,531"
Burlington,4,1,2,0,0,0,1,1,5,0,"42,230"
Burlington Township,1,0,0,0,0,0,0,1,0,0,"22,772"
Burnet,0,0,1,0,0,0,1,0,0,0,"6,422"
Burnett,0,1,0,0,0,0,0,0,1,0,
Burnsville,1,0,1,0,0,0,0,1,1,0,"61,442"
Burton,4,0,0,0,0,0,0,1,3,0,"28,439"
Butler,1,0,0,0,0,0,0,1,0,0,
Butler Township,1,0,0,3,0,0,2,1,1,0,"7,799"
Caddo,0,1,0,0,0,0,1,0,0,0,
Cadillac,1,0,0,0,0,0,1,0,0,0,"10,473"
Cadiz,0,0,1,0,0,0,1,0,0,0,"2,629"
Calaveras,1,0,0,0,0,0,0,0,0,1,
Calcasieu,2,0,0,0,0,0,0,1,0,1,
Caldwell,2,0,0,0,0,0,1,1,0,0,"54,345"
Caldwell,1,0,0,0,0,0,0,0,0,1,
California State University:,,,,,,,,,,,
Calumet,0,1,0,0,0,0,0,0,0,1,
Camarillo,1,0,0,0,0,0,0,1,0,0,"67,714"
Cambridge,5,3,2,0,0,0,3,3,1,2,"111,707"
Camdenton,0,0,1,0,0,0,0,0,0,1,"3,980"
Cameron,3,0,0,0,0,0,0,2,0,1,"9,765"
Campbell County Police Department,2,2,1,0,0,0,0,1,2,1,
Campbellsburg,0,1,1,0,0,0,1,0,0,1,
Canal Fulton,1,1,0,0,0,0,0,0,1,1,"5,428"
Canby,1,0,0,0,0,0,0,0,1,0,"17,823"
Cannabis Suppression Section,2,0,0,0,0,0,0,0,2,0,
Canon City,0,1,0,0,0,0,1,0,0,0,"16,723"
Canton Township,1,1,0,0,0,0,1,0,1,0,"90,294"
Cape May,1,0,0,0,0,0,,1,,,
Capital University,1,0,2,0,0,0,2,0,0,1,"3,367"
Capitola,1,0,0,0,0,0,0,0,0,1,"10,222"
Carbon,0,1,1,0,0,0,0,0,0,2,
Carlisle,1,0,0,0,0,0,1,0,0,0,"19,233"
Carlsbad,4,2,1,0,0,0,0,4,0,3,"115,344"
Carrollton,2,0,0,0,0,0,1,1,0,0,"3,864"
Carrollton Township,0,0,1,0,0,0,0,0,1,0,"5,728"
Carson,0,1,0,0,0,0,0,0,1,0,"92,992"
Carteret,1,0,0,0,0,0,1,0,0,0,"24,283"
Carver,5,0,0,0,0,0,1,1,2,1,
Cascade,1,0,0,0,0,0,1,0,0,0,
Cass,1,0,0,0,0,0,0,1,0,0,
Cassia,3,0,0,0,0,0,1,0,2,0,
Castle Rock,2,0,0,0,0,0,0,1,0,1,"59,337"
Catoosa,1,0,0,0,0,0,0,1,0,0,"7,129"
Cattaraugus,1,0,0,0,0,0,0,0,0,1,
Cayce,3,0,0,0,0,0,0,3,0,0,"14,434"
Cedar Park,2,0,0,0,0,0,0,1,1,0,"72,143"
Centennial,2,0,0,0,0,0,1,0,1,0,"111,416"
Center Line,2,0,0,0,0,0,1,1,0,0,"8,304"
Centerville,1,0,0,0,0,0,1,0,0,0,"3,564"
Central Marin,0,2,0,0,0,0,0,1,0,1,"35,060"
Central Point,1,0,0,0,0,0,0,1,0,0,"18,525"
Centralia,0,1,0,0,0,0,0,0,0,1,"17,048"
Centre County,1,0,0,0,0,0,0,0,1,0,
Chandler,1,0,0,0,0,0,0,1,0,0,"249,355"
Chapel Hill,5,0,4,0,0,0,2,3,3,1,"59,553"
Charleston,1,0,0,0,0,0,0,0,1,0,"136,845"
Charleston,3,0,1,0,0,0,1,0,2,1,"48,788"
Charlevoix,0,0,1,0,0,0,0,0,1,0,
Charlotte,1,0,0,0,0,0,0,1,0,0,
Charlotte,2,0,0,0,0,0,0,0,1,1,"9,053"
Charlotte-Mecklenburg,17,9,5,1,0,0,7,9,11,5,"914,609"
Charlottesville,1,0,0,0,0,0,0,0,0,1,"47,446"
Chatham,0,1,0,0,0,0,0,1,0,0,"9,011"
Chatham Township,1,0,0,0,0,0,1,0,0,0,"10,515"
Chattanooga,3,0,1,0,0,0,2,1,1,0,"178,753"
Chattanooga State Community College,1,0,0,0,0,0,0,0,1,0,"8,628"
Cheatham,1,0,0,0,0,0,0,1,0,0,
Cheboygan,1,0,0,0,0,0,0,0,1,0,"4,705"
Chelmsford,0,1,1,0,0,0,1,0,1,0,"35,392"
Chelsea,2,1,0,0,0,0,0,0,1,1,"40,514"
Chenango,0,1,0,0,0,0,0,0,1,,
Cherokee,1,0,0,0,0,0,0,0,1,,
Chesapeake,6,0,0,0,0,0,1,0,1,4,"240,119"
Cheshire,0,0,2,0,0,0,1,0,0,1,"29,282"
Chester,1,0,0,0,0,0,1,0,0,0,"5,452"
Chester County,1,0,0,0,0,0,0,1,,0,
Chesterfield,4,0,0,0,0,0,1,3,0,0,
Chesterfield County Police Department,6,1,2,0,0,0,2,3,3,1,
Chicago,16,17,7,0,0,1,18,5,10,8,"2,706,171"
Chickasha,1,0,0,0,0,0,1,0,0,0,"16,489"
Chico,1,0,0,0,0,0,0,0,1,0,"92,459"
Chino,5,0,1,0,0,0,2,2,1,1,"89,420"
Chino Hills,1,0,0,0,0,0,1,0,0,0,"79,480"
Chippewa,1,1,1,0,0,0,0,1,1,1,
Chippewa County,2,0,0,0,0,0,0,0,0,2,
Chocolay Township,1,0,0,0,0,0,0,1,0,0,"5,948"
Choctaw,0,0,1,0,0,0,0,0,0,1,
Christian,0,1,0,0,0,0,1,0,0,0,
Christiansburg,1,0,0,0,0,0,0,0,0,1,"22,272"
Cincinnati,31,5,4,1,0,0,6,15,13,7,"299,116"
Cincinnati-Northern Kentucky International Airport,1,0,0,0,0,0,1,0,0,0,
Cinnaminson Township,2,3,1,0,0,0,2,3,0,1,"16,696"
Circleville,3,0,0,0,0,0,0,2,0,1,"13,972"
Citrus Heights,1,0,1,0,0,0,1,0,1,0,"88,126"
Claiborne,1,0,0,0,0,0,0,0,0,1,
Clallam,1,0,0,0,0,0,0,0,0,1,
Clare,1,0,0,0,0,0,0,0,1,0,
Clare County,1,0,0,0,0,0,0,1,0,0,
Clarendon,0,0,1,0,0,0,0,0,0,1,
Clark,3,0,0,0,0,0,1,2,0,0,
Clark,1,1,0,0,0,0,0,1,1,0,
Clark County School District,1,0,0,0,0,0,0,0,1,0,
Clark County School System,1,0,0,0,0,0,0,0,1,0,
Clark University,0,2,0,0,0,0,2,0,0,0,"3,298"
Clarke,2,0,1,0,0,0,0,0,3,0,
Clarkstown Town,0,2,0,0,0,0,0,1,0,1,"81,810"
Clarksville,2,0,2,0,0,0,1,1,2,0,"153,294"
Clay,1,1,0,0,0,0,0,0,0,2,
Clearbrook,1,0,0,0,0,0,0,1,0,0,522
Clearlake,0,1,1,0,0,0,1,1,0,0,"15,018"
Clearwater,1,0,0,0,0,0,1,0,0,0,"115,295"
Clemson University,1,0,0,0,0,0,1,0,0,0,"23,406"
Clermont,1,0,0,0,0,0,0,0,0,1,
Cleveland,12,0,0,0,0,0,1,1,5,5,"385,351"
Cleveland,7,0,0,0,0,0,0,3,0,4,"44,778"
Cleveland Metropolitan Park District,2,0,0,0,0,0,0,0,2,0,
Clinton,1,0,0,0,0,0,0,0,1,0,"12,915"
Clinton,1,0,0,0,0,0,0,1,0,0,"25,532"
Clinton County ,6,0,0,0,0,0,0,2,2,2,
Clio,1,0,0,0,0,0,1,0,0,0,"2,495"
Cobb County Police Department,9,2,1,0,0,0,1,5,3,3,
Cobleskill,1,0,0,0,0,0,0,0,1,0,"2,287"
Coeur d'Alene,2,0,0,0,0,0,0,1,1,0,"51,364"
Coffee,1,0,0,0,0,0,1,0,0,0,
Coffeyville,1,1,0,0,0,0,1,0,0,1,"9,423"
Colchester,1,0,0,0,0,0,0,0,1,0,"17,353"
Cold Spring,1,0,0,0,0,0,0,0,0,1,"6,276"
Colerain Township,3,1,0,0,0,0,1,3,0,0,"58,996"
College of the Holy Cross,0,0,1,0,0,0,0,0,0,1,"2,720"
College Park,4,1,0,0,0,0,0,1,2,2,"39,083"
Colleton,2,0,0,0,0,0,0,1,0,1,
Collier,0,1,0,0,0,0,0,0,0,1,
Collierville,4,0,0,0,0,0,0,0,4,0,"49,790"
Collingswood,1,0,0,0,0,0,0,0,0,1,"14,080"
Collinsville,1,0,0,0,0,1,0,1,1,0,"6,836"
Colma,0,0,1,0,0,0,0,1,0,0,"1,520"
Colorado Springs,0,1,0,0,0,0,0,0,1,0,"472,958"
"Colorado State University, Fort Collins",3,0,0,0,0,0,0,0,0,3,"31,856"
Colts Neck Township,2,0,0,0,0,0,2,0,0,0,"9,936"
Columbia,1,0,0,0,0,0,1,0,0,0,"122,585"
Columbia,1,0,0,0,0,0,0,0,1,0,
Columbia,0,1,0,0,0,0,0,1,0,0,
Columbia County ,1,0,2,0,0,0,0,3,0,0,
Columbus,3,0,1,0,0,0,1,2,1,,"198,832"
Columbus,50,3,19,3,0,0,19,28,13,15,"872,205"
Columbus State Community College,0,1,0,0,0,0,0,0,1,0,"27,109"
Concord,0,0,1,0,0,0,0,0,1,0,"129,789"
Concord,0,0,0,1,0,0,0,0,1,0,"20,193"
Concord,1,0,0,0,0,0,0,1,0,0,"42,942"
Concord,1,0,0,0,0,0,0,0,0,1,"91,756"
Connecticut State Police,2,0,3,0,0,0,0,1,0,4,
Contra Costa,1,0,0,0,0,0,0,0,0,1,
Coon Rapids,0,1,0,0,0,0,0,0,1,0,"62,495"
Cooper City,0,1,0,0,0,0,0,0,0,1,"36,694"
Copley Township,0,0,0,2,0,0,0,0,2,0,"17,280"
Coral Gables,1,0,0,0,0,0,0,0,0,1,"51,487"
Corbin,2,0,0,0,0,0,0,0,0,2,"7,411"
Corcoran,1,0,0,0,0,0,0,1,0,0,"22,345"
Corning,1,0,0,0,0,0,0,1,0,0,"7,511"
Corona,1,0,1,0,0,0,0,0,2,0,"169,164"
Corsicana,0,0,1,0,0,0,0,0,0,1,"24,011"
Corvallis,3,0,1,0,0,0,0,2,1,1,"57,576"
Costa Mesa,2,0,0,0,0,0,1,0,0,1,"113,267"
Cottonwood,1,0,0,0,0,0,0,0,0,1,"12,116"
Coventry,1,0,0,0,0,0,0,0,1,0,"35,083"
Covina,0,0,1,0,0,0,0,1,0,0,"48,674"
Covington,4,1,1,0,0,0,1,2,0,3,"40,845"
Covington,2,0,0,1,0,0,0,1,2,0,"8,909"
Cowlitz,1,0,0,0,0,0,0,0,0,1,
Crawford,0,1,1,0,0,0,1,0,1,0,
Crawford County,0,1,0,0,0,0,1,0,0,0,
Crawford County,1,0,0,0,0,0,0,0,0,1,
Crescent City,1,0,0,0,0,0,0,0,0,1,"6,529"
Crook,0,0,1,0,0,0,1,0,0,0,
Crookston,0,1,0,0,0,0,,1,0,0,"7,789"
Crossville,1,0,0,0,0,0,0,1,0,0,"11,555"
Croton-on-Hudson Village,0,0,0,1,0,0,0,1,0,0,"8,271"
Crystal City,0,0,1,0,0,0,0,0,1,0,"4,817"
Cumberland County,1,0,0,0,0,0,0,0,1,,
Custer,1,0,0,0,0,0,0,0,1,0,
Cynthiana,1,0,0,0,0,0,0,0,1,0,"6,375"
Dallas,2,0,12,0,0,0,1,1,2,10,"1,338,551"
Daly City,0,0,1,0,0,0,0,0,1,0,"107,355"
Danbury,4,0,1,0,0,0,2,2,1,0,"85,614"
Danvers,0,2,0,1,0,0,0,1,0,2,"28,168"
Danville,3,0,0,0,0,0,0,1,1,1,"16,891"
Darien,1,0,0,0,0,0,0,1,0,0,"21,910"
Darrington,1,0,0,0,0,0,1,0,0,0,"1,391"
Davie,4,3,0,0,0,0,3,1,1,2,"103,555"
Daviess,1,0,0,0,0,0,0,0,0,1,
Davis,4,3,0,0,0,0,2,4,0,1,"68,540"
Davis,0,0,1,0,0,0,0,0,0,1,
Dayton,2,0,0,0,0,0,0,1,0,1,"5,423"
Dayton,1,0,1,0,0,0,0,1,1,0,"140,171"
De Kalb,0,1,0,0,0,0,0,0,0,1,"43,043"
Deal,0,2,0,0,0,0,0,2,0,0,730
Dean College,1,0,0,0,0,0,0,1,0,0,"1,339"
Dearborn,4,0,0,0,0,0,4,0,0,0,"93,889"
Dearborn,0,1,0,0,0,0,0,1,0,0,"9,131"
Dearborn Heights,1,1,1,0,0,0,1,1,0,1,"55,454"
Decatur,1,0,0,0,0,0,0,0,1,0,"72,153"
Decatur,1,0,0,0,0,0,0,0,0,1,"6,755"
Deer Lodge,0,0,1,0,0,0,0,0,1,0,
Deerfield Beach,2,0,0,0,0,0,0,1,0,1,"80,552"
Defiance,1,0,0,0,0,0,0,1,0,0,"16,594"
Delanco Township,2,0,0,0,0,0,2,0,0,0,"4,528"
Delaware,0,1,2,0,0,0,1,1,1,0,
Delhi,0,1,0,0,0,0,0,0,0,1,"3,511"
Delray Beach,0,1,0,0,0,0,1,0,0,0,"68,533"
Delta,0,0,0,1,1,0,0,0,0,1,"8,925"
Denmark,3,0,0,0,0,0,0,0,0,3,"2,942"
Denton,1,1,2,0,0,0,0,0,3,1,"136,836"
Denver,9,2,6,0,0,0,4,7,1,5,"706,616"
Department of Parks and Recreation:,,,,,,,,,,,
Department of Safety,8,1,0,0,0,0,0,2,5,2,
Desert Hot Springs,1,0,0,0,0,0,1,0,0,0,"28,717"
Detroit,22,2,15,0,2,0,15,10,9,7,"670,792"
Devine,3,0,0,0,0,0,,0,0,3,"4,847"
Dewey Beach,0,0,1,0,0,0,0,1,0,0,386
Dillon,1,0,0,0,0,0,0,0,0,1,
Dodge City,1,3,0,1,0,0,1,0,3,1,"27,447"
Dominguez Hills,2,0,0,0,0,0,0,1,1,0,"14,731"
Doniphan,0,0,0,1,0,0,0,0,1,0,
Douglas,1,0,0,0,0,0,1,0,0,0,
Dover,1,0,0,0,0,0,1,0,0,0,"31,344"
Dover,1,0,1,0,0,0,1,1,0,0,"18,339"
Dover,0,0,1,0,0,0,0,0,0,1,"1,076"
Dracut,0,4,1,0,0,0,1,1,0,3,"31,685"
Draper,1,0,0,0,0,0,0,0,0,1,"48,197"
Dry Ridge,1,0,0,0,0,0,0,1,0,0,
Duarte,2,0,0,0,0,0,2,0,0,0,"21,877"
Dublin,1,0,0,0,0,0,0,1,0,0,"62,235"
Dubuque,1,0,0,0,0,0,0,1,0,0,"58,674"
Duchesne,1,0,0,0,0,0,0,1,0,0,
Duchess County ,1,2,0,0,0,0,2,0,0,1,
Duluth,1,0,1,0,0,0,1,0,1,0,"86,306"
Dumas,1,0,0,0,0,0,0,0,0,1,"14,943"
Dupont,1,0,0,0,0,0,1,0,0,0,"9,721"
Durango,0,1,0,0,0,0,0,0,1,0,"18,801"
Durham,13,1,2,0,0,0,3,4,6,3,"269,088"
Duxbury,1,2,0,0,0,0,0,1,2,0,"16,085"
East Brunswick Township,11,13,0,0,0,0,4,13,5,2,"49,019"
East Carolina University,1,0,1,0,0,0,0,0,0,2,"28,962"
East Earl Township,1,0,0,0,0,0,0,1,0,0,"6,838"
East Grand Rapids,1,0,0,0,0,0,0,0,0,1,"11,812"
East Hanover Township,2,1,0,0,0,0,1,2,0,0,"11,284"
East Haven,1,0,0,0,0,0,0,1,0,0,"28,739"
East Lansing,2,1,0,0,0,0,0,1,2,0,"48,920"
East Orange,1,1,0,0,0,0,0,1,1,0,"65,160"
East Palo Alto,0,1,0,0,0,0,0,0,0,1,"29,933"
East Peoria,1,0,0,0,0,0,1,0,0,0,"22,856"
East Providence,0,3,0,0,0,0,0,1,2,0,"47,502"
East Windsor,1,0,0,0,0,0,0,1,0,0,"11,383"
East Windsor Township,1,0,0,0,0,0,0,0,0,1,"27,571"
Eastampton Township,1,0,0,0,0,0,1,0,0,0,"5,962"
Eastern Kentucky University,1,0,4,0,0,0,2,2,0,1,"16,881"
Eastern Michigan University,3,0,0,0,0,0,0,1,2,0,"21,246"
Eastern Washington University,0,0,0,0,1,1,1,0,1,0,"12,279"
Eastpointe,1,0,0,0,0,0,0,1,0,0,"32,712"
Eaton,1,0,0,0,0,0,0,0,1,0,
Eaton County,1,0,0,0,0,0,0,0,1,0,
Eatontown,0,0,1,0,0,0,0,0,0,1,"12,258"
Eau Claire,1,0,0,0,0,0,1,0,0,0,"68,687"
Ecorse,2,0,0,0,0,0,0,0,2,0,"9,132"
Eden Prairie,1,0,0,0,0,0,0,0,0,1,"64,429"
Edgartown,0,0,1,0,0,0,0,0,0,1,"4,323"
Edina,0,1,0,0,0,0,0,0,1,0,"51,923"
Edison Township,6,3,1,0,0,0,2,2,4,2,"102,699"
Edmonds,6,0,0,0,0,0,1,4,0,1,"42,197"
Edwardsville,1,0,0,0,0,0,0,0,1,0,"4,395"
Egg Harbor Township,1,0,0,0,0,0,0,0,0,1,"43,515"
El Cajon,4,0,2,0,0,0,0,2,3,1,"104,447"
El Dorado,2,0,0,0,0,0,0,0,1,1,
El Dorado,0,1,0,0,0,0,0,1,0,0,"13,125"
El Mirage,1,0,0,0,0,0,0,1,,,"35,611"
El Monte,2,0,1,0,0,0,1,1,0,1,"116,168"
El Paso,2,0,1,0,0,0,1,0,1,1,
El Paso,4,0,0,0,0,0,4,0,0,0,"688,667"
El Segundo,1,0,0,0,0,0,0,0,1,0,"16,932"
Elizabeth,0,1,0,0,0,0,1,0,0,0,"129,726"
Elizabethtown,4,0,0,0,0,0,0,1,2,1,"30,065"
Elizabethtown,1,0,0,1,0,0,1,0,0,1,
Elizabethtown College,1,0,0,0,0,0,0,0,0,1,"1,784"
Elk Grove,4,0,0,0,0,0,0,1,2,1,"172,620"
Ellensburg,0,1,0,0,0,0,0,0,0,1,"20,026"
Elloree,1,0,0,0,0,0,0,0,0,1,666
Elmwood Park,1,0,0,0,0,0,0,0,0,1,"20,515"
Elsmere,1,1,0,0,0,0,2,0,0,0,"8,541"
Emerson,0,1,0,0,0,0,0,1,0,0,"7,747"
Emmet,1,0,0,0,0,0,0,0,1,0,
Emporia,1,1,0,0,0,0,2,0,0,0,"24,804"
Emporia,1,0,0,0,0,0,1,0,0,0,"5,201"
Enfield,1,0,0,0,0,0,1,0,0,0,"44,321"
Englewood,2,0,0,0,0,0,0,1,1,0,"34,709"
Englewood,8,1,0,0,0,0,0,1,0,8,"28,795"
Englewood,0,0,1,1,0,0,1,1,0,0,"13,504"
Epping,0,1,0,0,0,0,1,0,0,0,"6,978"
Erie County,1,0,0,0,0,0,0,0,1,0,
Erlanger,1,0,0,0,1,0,0,0,2,0,"22,947"
Escanaba,0,1,0,0,0,0,0,0,1,0,"12,280"
Escondido,5,0,0,0,0,0,3,0,1,1,"152,845"
Essex,0,0,1,0,0,0,0,0,0,1,"21,470"
Eugene,46,12,8,1,1,4,16,23,14,19,"168,310"
Everett,2,0,0,0,0,0,0,0,1,1,"47,185"
Everett,5,0,1,0,0,0,2,1,2,1,"110,040"
Evergreen State College,1,0,0,0,0,0,0,1,0,0,"4,089"
Evesham Township,10,7,0,1,0,0,2,4,5,7,"45,314"
Fair Lawn,0,0,1,0,0,0,0,0,0,1,"33,759"
Fairborn,2,0,0,0,0,0,1,1,0,0,"33,936"
Fairfax,1,0,0,0,0,0,0,0,0,1,"1,702"
Fairfax County Police Department,17,11,8,0,0,0,11,5,11,9,
Fairfield,3,0,0,0,0,0,0,1,1,1,"116,372"
Fairfield,1,0,0,0,0,0,0,0,0,1,
Fairland,0,1,0,0,0,0,1,0,0,0,"1,051"
Fairmont,1,0,0,0,0,0,1,0,0,0,"18,604"
Fairview,1,0,0,0,0,0,0,1,0,0,"8,648"
Fairview Park,1,0,0,0,0,0,0,0,0,1,"16,307"
Falmouth,1,0,0,0,0,0,0,0,1,0,"2,127"
Fargo,1,2,0,0,0,0,0,0,3,0,"123,430"
Farmington Hills,0,1,0,0,0,0,1,0,0,0,"81,359"
Farmville,0,1,0,0,0,0,0,0,1,0,"8,127"
Fauquier,3,0,0,0,0,0,1,0,1,1,
Fayette,1,0,0,0,0,0,0,0,0,1,
Fayette County Schools,0,2,0,1,0,0,1,0,1,1,
Fayetteville,0,0,1,0,0,0,0,0,0,1,"85,592"
Fayetteville,3,1,2,1,0,0,2,2,1,2,"205,432"
Federal Way,0,1,0,0,0,0,0,0,1,0,"98,014"
Ferndale,4,0,1,0,0,0,2,0,1,2,"20,131"
Festus,0,0,1,0,0,0,0,1,0,0,"12,187"
Fife,2,0,0,0,0,0,0,1,1,0,"10,264"
Findlay,2,0,1,0,0,0,0,0,2,1,"41,474"
Fish and Wildlife,1,0,0,0,0,0,0,0,1,0,
Fishers,2,0,0,0,0,0,0,0,1,1,"92,367"
Fishkill Town,1,0,0,0,0,0,0,1,0,0,"21,532"
Fitchburg,1,0,0,0,0,0,1,0,0,0,"40,445"
Flint,9,0,1,0,0,0,2,3,4,1,"96,605"
Florence,19,1,0,0,1,0,8,6,5,2,"32,866"
Florida Gulf Coast University,0,1,0,0,0,0,0,0,0,1,"14,821"
Flower Mound,2,0,1,0,0,0,0,0,0,3,"75,101"
Floyd,2,0,0,0,0,0,1,1,0,0,
Floyd County,0,1,0,0,0,0,0,0,0,1,
Floyd,2,0,0,0,1,0,0,0,1,1,
Fond du Lac,0,1,0,0,0,0,0,0,1,0,"42,929"
Fontana,0,2,1,0,0,0,1,1,1,0,"211,782"
Ford,0,1,0,0,0,0,0,0,0,1,
Forest Lake,0,0,1,0,0,0,1,0,0,0,"19,804"
Forest Park,0,0,1,0,0,0,0,0,1,0,"13,950"
Forest Park,1,0,0,0,0,0,0,0,1,0,"18,665"
Forks,1,0,0,0,0,0,0,0,0,1,"3,822"
Forsyth,1,0,0,0,0,0,1,0,0,0,
Forsyth,4,0,1,0,0,0,1,1,2,1,
Fort Bend,3,0,0,0,0,0,1,1,,1,
Fort Bragg,2,1,0,0,0,0,1,1,0,1,"7,289"
Fort Lauderdale,2,2,2,0,0,0,0,2,3,1,"180,972"
Fort Lee,1,0,1,0,0,0,0,1,1,0,"38,095"
Fort Mitchell,1,0,0,0,0,0,0,1,0,0,"8,306"
Fort Myers,1,1,1,0,0,0,1,1,0,1,"79,918"
Fort Smith,4,0,0,0,0,0,0,1,1,2,"88,437"
Fort Wayne,2,0,2,0,0,0,0,2,1,1,"266,259"
Fort Worth,7,2,4,0,0,0,2,1,7,3,"873,069"
Foster City,0,1,0,0,0,0,1,0,0,0,"34,808"
Fox Lake,1,0,0,0,0,0,0,1,0,0,"10,432"
Fox River Grove,1,0,0,0,0,0,0,0,0,1,"4,628"
Framingham,1,3,1,0,0,0,3,1,1,0,"72,153"
Framingham State University,8,0,0,0,0,0,,0,0,8,"5,977"
Frankfort,5,1,0,0,1,0,1,2,0,4,"27,975"
Frankfort,2,0,0,0,0,0,1,0,1,0,
Franklin,3,0,1,0,0,0,0,2,0,2,"8,884"
Franklin,1,0,0,0,0,0,1,0,0,0,
Franklin,0,1,0,1,0,0,1,1,0,0,
Franklin,3,0,0,0,0,0,1,0,2,0,"11,779"
Franklin,1,0,0,0,0,0,0,0,1,0,
Franklin,1,0,0,0,0,0,0,0,0,1,
Franklin,1,0,1,0,0,0,0,0,2,0,
Franklin County ,1,0,0,0,0,0,0,0,0,1,
Franklin Lakes,1,5,0,0,0,0,0,1,0,5,"10,939"
"Franklin Township, Somerset County",1,0,0,0,0,0,1,0,0,0,"67,463"
Frederick,2,0,0,0,0,0,0,1,0,1,
Frederick County,0,0,1,0,0,0,0,1,0,0,
Freehold Borough,1,0,0,0,0,0,0,0,0,1,"11,865"
Freehold Township,2,0,1,0,0,0,2,0,1,0,"35,531"
Fremont,1,1,0,0,0,0,0,1,1,0,"236,368"
Fremont,1,0,0,0,0,0,0,0,1,0,"4,020"
Fresno,7,1,4,0,0,1,1,3,6,3,"526,371"
Fresno,1,0,1,0,0,0,1,0,1,0,
Fridley,0,0,1,0,0,0,0,0,1,0,"27,516"
Frisco,1,0,0,0,0,0,0,0,1,0,"172,804"
Front Royal,0,0,1,0,0,0,0,1,0,0,"15,270"
Fruita,0,0,1,0,0,0,1,0,0,0,"12,971"
Fulton,0,0,1,0,0,0,0,0,1,0,"2,174"
Fulton,1,0,0,0,0,0,0,1,0,0,
Fulton City,1,0,0,0,0,0,0,1,0,0,"11,321"
Gahanna,1,1,0,0,0,1,1,1,1,0,"35,243"
Gaines Township,1,0,0,0,0,0,1,0,0,0,"6,139"
Gainesville,0,1,0,0,0,0,0,0,1,0,"132,777"
Galena Park,1,1,0,0,0,0,0,1,,1,"11,091"
Galesburg,2,0,0,0,0,0,0,0,1,1,"2,055"
Gallatin,1,0,0,0,0,0,0,0,1,0,
Galveston,2,0,1,0,0,0,0,3,0,0,"51,021"
Garden City,2,1,0,0,0,0,0,0,3,0,"26,728"
Garden Grove,7,0,0,0,0,1,3,0,4,1,"175,466"
Garfield,0,0,1,0,0,0,0,0,0,1,
Garrettsville,1,0,0,0,0,0,0,0,0,1,"2,321"
Gaston County Police Department,3,0,1,0,0,0,1,1,0,2,
Gates Town,1,0,0,0,0,0,0,0,0,1,"28,723"
Gaylord,2,0,0,0,0,0,0,0,1,1,"3,697"
Genesee,2,2,0,0,0,0,1,1,0,2,
Genesee County,1,0,0,0,0,0,0,0,1,0,
Genesee County ,1,0,0,0,0,0,1,0,0,0,
Geneseo,1,0,1,0,0,0,1,0,1,0,"5,602"
George Mason University,3,0,0,0,0,0,0,1,2,0,"34,909"
Georgetown,2,0,0,0,0,1,1,1,0,1,"34,184"
Georgetown,2,0,0,0,0,0,0,0,0,2,"4,356"
Georgetown,0,1,0,0,0,0,0,0,0,1,
Germantown,1,0,0,0,1,0,0,1,0,1,"39,086"
Gibson,1,0,0,0,0,0,0,1,0,0,
Giddings,1,0,0,0,0,0,0,0,0,1,"5,154"
Gilbert,2,1,0,0,0,0,0,1,1,1,"242,090"
Gladstone,2,1,0,0,0,0,1,0,1,1,"27,390"
Glasgow,6,0,0,0,0,0,0,3,1,2,"14,690"
Glendale,3,2,0,0,0,0,0,1,2,2,"249,273"
Glendora,1,0,0,0,0,0,0,0,0,1,"52,133"
Gloucester,1,1,0,0,0,0,2,0,0,0,
Gogebic County,2,0,0,0,0,0,1,0,1,0,
Golden,1,0,0,0,0,0,0,0,0,1,"20,948"
Goleta,1,0,0,0,0,0,1,0,0,0,"31,000"
Gonzales,1,0,0,0,0,0,1,0,0,0,"8,508"
Goochland,0,1,0,0,0,0,0,1,0,0,
Goodhue,1,0,0,0,0,0,,,,1,"1,186"
Grafton,2,0,0,0,0,0,0,1,1,0,"18,763"
Grain Valley,2,0,0,0,0,0,0,0,1,1,"13,825"
Grand Blanc,1,0,0,0,0,0,1,0,0,0,"7,904"
Grand Forks,2,0,0,0,0,0,0,1,1,0,"58,090"
Grand Island,1,0,1,0,0,0,0,1,0,1,"51,980"
Grand Junction,0,1,1,0,0,0,1,1,0,0,"62,352"
Grand Rapids,5,1,4,0,0,0,1,0,6,3,"197,868"
Grand Ronde Tribal,1,0,0,0,0,0,0,1,0,0,
Grand Traverse,2,0,0,0,0,0,0,1,1,0,
Grand Valley State University,0,0,2,0,0,0,0,0,2,0,"25,460"
Grandview,1,0,0,0,0,0,0,1,0,0,"25,308"
Grandville,0,2,0,0,0,0,0,1,1,0,"16,108"
Grant,0,1,0,0,0,0,0,0,0,1,
Gratiot,1,1,1,0,0,0,2,0,1,0,
Graves,1,0,0,0,0,0,1,0,0,0,
Greater Hardin County Narcotics Task Force,1,0,0,0,0,0,0,1,0,0,
Greeley,3,0,0,0,0,0,1,0,1,1,"105,906"
Greeleyville,1,0,0,0,0,0,1,0,0,0,400
Green Township,3,0,0,0,0,0,0,1,2,0,"58,853"
Greenbrier,0,0,1,0,0,0,1,0,0,0,"6,853"
Greenburgh Town,0,1,0,0,0,1,1,0,1,0,"45,923"
Greene,2,0,0,0,0,0,0,1,1,0,
Greene,0,1,0,0,0,0,0,0,1,0,
Greene County ,1,0,0,0,0,0,0,1,,0,
Greeneville,0,0,0,1,0,0,0,0,1,0,"15,065"
Greenfield,1,0,0,0,0,0,0,0,0,1,"17,462"
Greensboro,4,1,1,0,0,0,0,1,2,3,"290,051"
Greensburg,1,0,0,0,0,0,0,0,0,1,"2,123"
Greenup,1,0,0,0,0,0,0,0,1,0,
Greenville,0,1,1,0,0,0,0,0,2,0,"68,922"
Greenville,1,0,0,0,0,0,0,0,0,1,
Greenville,1,0,0,0,0,0,0,0,1,0,"27,434"
Greenwood,1,0,0,0,0,0,0,0,0,1,
Gresham,0,0,1,1,0,0,0,1,1,0,"112,466"
Gretna,1,0,0,0,0,0,0,0,1,0,"17,923"
Grosse Pointe,0,1,0,0,0,0,1,0,0,0,"5,151"
Grosse Pointe Farms,0,0,1,0,0,0,0,0,1,0,"9,106"
Groton,1,0,0,0,0,0,0,1,0,0,"9,093"
Groton Town,1,0,0,0,0,0,1,0,0,0,"29,524"
Grove City,1,0,0,1,0,0,1,1,0,0,"40,421"
Groveport,1,0,0,0,0,0,0,0,1,0,"5,583"
Guilford,0,0,1,0,0,0,0,0,1,0,"22,259"
Guilford,1,0,0,0,0,0,0,0,1,0,
Gulfport,1,0,0,0,0,0,0,0,0,1,"72,792"
Gwinnett County Police Department,2,2,0,0,0,0,1,2,0,0,
Hackensack,4,4,1,0,0,0,1,0,2,6,"45,226"
Hackettstown,1,0,0,0,0,0,1,0,0,0,"9,520"
Haddon Township,2,0,0,0,0,0,1,1,0,0,"14,731"
Haddonfield,1,0,0,0,0,0,1,0,0,0,"11,445"
Halifax County,0,0,0,1,0,0,1,0,0,0,
Hamburg Town,1,0,0,0,0,0,0,0,1,0,"46,040"
Hamilton,7,2,1,0,0,0,2,2,5,1,"62,094"
Hamilton,1,2,0,0,0,0,0,0,3,0,
Hamilton County ,1,0,0,0,0,0,0,0,0,1,
"Hamilton Township, Mercer County",5,0,0,0,0,0,1,1,1,2,"88,723"
Hammond,2,0,1,0,0,0,,,2,1,"76,550"
Hampshire College,3,0,0,0,0,0,1,1,1,0,"1,321"
Hampton,0,0,1,0,0,0,0,0,1,0,
Hampton,3,0,0,0,0,0,0,1,1,1,"134,929"
Hampton Township,1,0,0,0,0,0,1,0,0,0,"9,522"
Hamtramck,1,1,0,0,0,0,0,1,0,1,"21,654"
Hanover Township,1,4,0,0,0,0,4,1,0,0,"14,904"
Hardin,1,0,0,0,0,0,0,1,0,0,
Hardin,2,1,1,0,0,0,2,1,0,1,
Hardin,1,0,0,0,0,0,0,0,1,0,
Harford,1,0,0,0,0,0,1,0,0,,
Harlan,1,0,0,0,0,0,0,0,1,0,
Harrison,0,1,0,0,0,0,0,1,0,0,
Harrison Township,0,0,1,0,0,0,0,0,0,1,"13,128"
Harrisonburg,2,0,0,0,0,0,0,2,0,0,"53,717"
Harrisonburg,0,0,1,0,0,0,0,0,0,1,
Hart,4,1,0,0,0,0,1,3,0,1,"2,080"
Hartford,2,1,1,0,0,0,1,1,0,2,"122,891"
Hartford,1,0,0,1,0,0,0,0,1,1,"9,628"
Hartsville,1,0,1,0,0,0,0,0,1,1,"7,769"
Harvard University,1,0,0,0,0,0,1,,,,"29,908"
Hastings-on-Hudson Village,0,3,0,0,0,0,0,1,1,1,"7,987"
Haven,1,0,0,0,0,0,0,1,0,0,"1,207"
Haverhill,2,1,0,0,0,0,1,0,1,1,"63,244"
Haworth,0,2,0,0,0,0,0,0,0,2,"3,491"
Hays,0,1,0,0,0,0,0,1,0,0,"21,110"
Haysville,1,0,0,0,0,0,0,1,0,0,"11,314"
Hayward,3,1,0,0,0,0,2,1,0,1,"161,417"
Hazard,3,0,0,0,0,0,1,0,1,1,
Hempstead Village,0,0,1,0,0,0,0,1,0,0,"55,807"
Henderson,1,0,0,0,0,0,0,0,0,1,
Henderson,1,0,0,0,0,0,0,0,0,1,"299,285"
Henderson,0,0,0,0,0,1,0,1,0,0,"13,366"
Hendry,1,0,0,0,0,0,1,0,0,0,
Henrico County,0,0,1,0,0,0,0,0,0,1,
Henrico County Police Department,1,0,0,0,0,0,1,0,0,0,
Herington,0,0,1,0,0,0,1,0,0,0,"2,336"
Hertford,1,0,0,0,0,0,0,0,1,0,"2,122"
Hesperia,3,0,0,0,0,0,2,0,0,1,"94,292"
Hewitt,0,0,1,0,0,0,1,0,0,0,"14,443"
Heyburn,0,1,0,0,0,0,1,0,0,0,"3,306"
Hickman,0,1,0,0,0,0,0,0,1,0,
High Bridge,0,1,0,0,0,0,0,1,0,0,"3,524"
High Point,1,0,0,0,0,0,0,0,0,1,"112,368"
Highland,1,0,0,0,0,0,1,0,0,0,"55,229"
Highland,1,0,0,0,0,0,0,0,1,0,
Highland Park,2,0,0,0,0,0,0,1,0,1,"10,757"
Highland Park,2,2,0,0,0,0,1,1,1,1,"14,287"
Hightstown,2,0,0,0,0,0,1,1,0,0,"5,522"
"Highway Patrol, Troop E",0,0,0,1,0,0,0,0,0,1,
Hilliard,1,1,0,0,0,0,2,0,0,0,"36,144"
Hillsboro,1,3,0,0,0,0,1,2,1,0,"107,433"
Hillsborough,0,1,0,0,0,0,0,1,0,0,
Hillsborough Township,3,1,0,0,0,0,1,2,0,1,"40,369"
Hillview,1,0,0,0,0,0,0,1,0,0,"8,942"
Hingham,1,0,0,0,0,0,0,0,1,0,"23,392"
Hitchcock,1,0,0,1,0,0,0,0,0,2,"7,949"
Hoboken,3,3,0,0,0,0,4,1,0,1,"55,348"
Hocking,0,1,0,0,0,0,0,0,0,1,
Holland,0,0,0,0,1,0,0,0,0,1,"2,502"
Holland,3,0,0,0,0,0,2,1,0,0,"33,613"
Holland,1,1,0,0,0,0,0,1,1,0,"1,662"
Hollister,1,0,0,0,0,0,0,0,1,0,"38,310"
Hollywood,0,0,1,0,0,0,1,0,0,0,"153,893"
Homestead,1,1,2,0,0,0,0,1,,3,"69,276"
Homewood,2,0,0,0,0,0,0,1,1,0,"19,150"
Hoover,5,1,0,0,0,0,2,1,2,1,"85,634"
Hopewell Township,1,0,2,0,0,0,1,2,0,0,"18,633"
Hopkinsville,2,0,0,0,0,0,1,0,0,1,"31,761"
Hoquiam,1,0,0,0,0,0,1,0,0,0,"8,386"
Horry County Police Department,0,0,1,0,0,0,0,0,1,0,
Houston,2,3,1,0,0,2,2,1,2,3,"2,338,235"
Howard County Police Department,0,1,0,0,0,0,1,0,,,
Howell Township,7,4,0,0,0,0,4,2,4,1,"52,432"
Howland Township,1,0,0,0,0,0,0,0,1,0,"16,608"
Huber Heights,0,0,0,1,0,0,0,0,1,0,"37,996"
Hudson,0,2,0,0,0,0,0,0,1,1,"19,963"
Hudson,1,0,0,0,0,0,1,0,0,0,"25,212"
Hudson,1,0,1,1,0,0,0,0,1,2,"22,248"
Hudson,1,3,8,0,0,0,2,3,6,1,"13,788"
Huerfano,0,1,0,0,0,0,0,1,0,0,
Huntington,0,1,0,0,0,0,0,0,0,1,"47,933"
Huntington Beach,2,0,0,0,0,0,0,0,1,1,"202,244"
Huntington Park,1,1,0,0,0,0,1,1,0,0,"59,004"
Huntington Woods,0,1,0,0,0,0,0,1,0,0,"6,343"
Huron,1,0,0,0,0,0,0,1,0,0,
Huron Township,1,0,0,0,0,0,1,0,0,0,"15,636"
Hutchinson,1,0,0,1,0,0,0,1,0,1,"41,160"
Idaho,1,0,0,0,0,0,0,0,1,0,
Idaho Springs,1,0,0,0,0,0,0,0,0,1,"1,751"
Idaho State Police,1,1,0,0,0,0,0,1,1,0,
Ilion Village,1,0,0,0,0,0,0,0,1,0,"7,801"
Illinois State University,0,1,0,0,0,0,0,0,0,1,"21,039"
Independence,1,0,0,0,0,0,1,0,0,0,"27,400"
Independence,4,0,0,0,0,0,2,1,0,1,"117,055"
Independence Township,1,0,0,0,0,0,0,1,0,0,"36,836"
Independent School District:  ,,,,,,,,,,,
Indio,1,0,0,0,0,0,0,0,1,0,"90,055"
Inglewood,2,0,0,0,0,0,0,1,0,1,"110,811"
Inkster,1,0,0,0,0,0,1,0,0,0,"24,324"
Interlaken,0,0,1,0,0,0,0,1,0,0,798
Inver Grove Heights,4,1,0,0,0,0,0,3,0,2,"35,254"
Ionia,1,0,1,0,0,0,0,2,0,0,"11,287"
Iowa City,3,0,0,0,0,0,2,0,1,0,"75,519"
Iowa Park,1,1,0,0,0,0,0,0,0,2,"6,361"
Irmo,1,0,0,0,0,0,0,0,1,0,"12,353"
Iron River,1,0,0,0,0,0,0,0,0,1,"2,838"
Ironton,1,0,0,0,0,0,0,0,0,1,"10,853"
Irvine,4,0,0,0,0,0,1,0,0,3,"276,115"
Irvine,0,0,0,1,0,0,0,0,0,1,"2,385"
Isabella County,1,0,0,0,0,0,0,0,0,1,
Issaquah,2,2,1,0,0,0,0,2,2,1,"38,592"
Ithaca,2,0,0,0,0,0,0,1,1,0,"30,875"
Jackson,0,2,0,0,0,0,0,2,0,0,
Jackson,3,0,0,0,0,0,1,2,0,0,
Jackson,1,0,0,0,0,0,0,1,0,0,"6,305"
Jackson,3,0,2,0,0,0,1,3,1,0,"67,031"
Jackson County,3,0,1,0,0,0,1,1,1,1,
Jacksonville,3,2,1,0,0,0,1,0,2,3,"894,638"
Jacksonville,2,0,0,0,0,0,0,0,1,1,"67,293"
Jacksonville,1,0,0,0,0,0,0,0,0,1,"14,955"
Jacksonville State University,1,0,0,0,0,0,,,1,,"8,514"
Jamestown,2,0,0,0,0,0,1,0,1,0,"2,036"
Jamestown,0,0,1,1,0,0,1,0,1,0,"1,964"
Jefferson,1,1,1,0,0,0,1,0,1,1,
Jefferson,1,0,0,0,0,0,0,1,0,0,
Jefferson,1,0,0,0,0,0,0,1,0,0,
Jefferson County School District,1,1,0,0,1,0,1,1,0,1,
Jefferson Township,1,0,0,0,0,0,1,0,0,0,"21,505"
Jersey City,0,0,1,0,0,0,1,0,0,0,"267,906"
Jessamine,0,0,0,1,0,0,0,0,1,0,
Johnson,1,0,0,0,0,0,0,0,1,0,
Johnson City Village,1,0,0,0,0,0,0,0,1,0,"14,595"
Johnston,1,0,0,0,0,0,0,1,0,0,"29,375"
Jonesborough,0,0,0,1,0,0,0,1,0,0,"5,378"
Joplin,0,0,1,0,0,0,0,0,0,1,"52,412"
Junction City,1,0,0,0,0,0,0,1,0,0,"24,240"
Juneau,2,0,0,0,0,0,0,0,0,2,"32,344"
Juneau,0,0,0,1,0,0,0,1,0,0,"2,703"
Kalamazoo County,2,0,0,0,0,0,0,1,0,1,
Kalispell,2,0,0,0,0,0,0,2,0,0,"23,243"
Kannapolis,1,0,0,0,0,0,0,1,0,0,"48,754"
Kansas City,34,5,6,0,1,1,6,19,16,6,"484,948"
Kansas State University,1,0,0,0,0,0,1,0,0,0,"23,779"
Kaufman,1,0,0,0,0,0,0,0,0,1,
Kaukauna,0,0,1,0,0,0,0,0,1,0,"15,969"
Kaysville,1,1,0,0,0,0,2,0,0,0,"31,873"
Keansburg,8,1,1,0,0,0,0,1,7,2,"9,782"
Kearney,1,0,0,0,0,0,0,0,0,1,"33,960"
Keene,0,1,0,0,0,0,0,0,0,1,"23,386"
Keene,2,0,0,0,0,0,1,1,0,0,"6,334"
Kellyville,0,0,1,0,0,0,0,0,0,1,"1,147"
Kelso,1,0,0,0,0,0,0,0,0,1,"12,070"
Kent,3,0,0,0,0,0,0,1,1,1,
Kent,13,2,0,0,0,0,5,5,3,2,"128,990"
Kent County,2,1,0,0,0,0,0,2,1,0,
Kent County,3,0,0,0,0,0,0,0,1,2,
Kenton County Police Department,1,0,0,0,0,0,0,0,1,0,
Kentucky State University,2,0,0,0,0,0,0,1,1,0,"1,736"
Kern,2,0,0,0,0,0,0,1,0,1,
Key Biscayne,0,0,1,0,0,0,1,0,0,0,"13,127"
Key West,0,0,1,0,0,0,1,0,0,0,"27,399"
Kimberly,2,0,0,0,0,0,0,0,1,1,"3,812"
King,4,0,0,0,0,0,3,1,0,,
King and Queen,1,0,0,0,0,0,1,0,0,0,
Kingfisher,2,0,0,0,0,0,0,1,0,1,
Kinnelon,1,0,0,0,0,0,0,1,0,0,"10,275"
Kirkland,4,1,0,0,0,0,1,2,1,1,"88,898"
Klamath Falls,3,1,1,0,0,0,3,0,0,2,"22,436"
Knott,0,1,0,0,0,0,0,0,0,1,
Knox,1,0,0,0,0,0,0,1,0,0,
Knox,2,0,0,0,0,0,0,0,1,1,
Knoxville,2,0,3,0,0,0,2,0,3,0,"187,539"
Kootenai,0,1,0,0,0,0,0,0,1,0,
La Canada Flintridge,0,0,0,0,3,0,0,0,3,0,"20,480"
La Center,0,0,1,0,0,0,1,0,0,0,982
La Crosse,1,0,0,0,0,0,0,0,1,0,"52,234"
La Grange,1,0,0,0,0,0,0,0,0,1,"8,831"
La Habra,1,0,0,0,0,0,1,0,0,0,"61,878"
La Mesa,1,0,1,0,0,0,0,0,2,0,"60,425"
Labette,1,0,0,0,0,0,0,1,0,0,
Lac Courtes Oreilles Tribal,1,0,1,0,0,0,1,0,1,0,
Lacey,1,0,0,0,1,0,0,2,0,0,"48,597"
Laclede,1,0,0,0,0,0,0,0,0,1,
Laconia,1,0,0,0,0,0,0,1,0,0,"16,616"
Lacy-Lakeview,1,0,0,0,0,0,0,1,0,0,"6,633"
Lafayette,0,1,0,0,0,0,0,0,1,0,"28,939"
Lafayette,8,0,1,0,0,0,2,5,,2,"72,274"
Lafourche,1,0,0,0,0,0,0,0,0,1,
Laguna Beach,2,0,0,0,0,0,1,0,1,0,"23,261"
Lake,0,1,1,0,0,0,0,0,0,2,
Lake,1,0,0,0,0,0,1,0,0,0,
Lake,0,1,0,0,0,0,1,0,0,0,
Lake City,1,0,0,0,0,0,1,0,0,0,"12,326"
Lake Elsinore,0,1,0,0,0,0,0,0,1,0,"66,136"
Lake Stevens,1,0,1,0,0,0,1,0,0,1,"32,288"
Lakeport,0,0,1,0,0,0,0,1,0,0,"4,775"
Lakeville,4,2,1,0,0,0,3,0,1,2,"62,958"
Lakewood,7,0,0,0,0,0,1,1,4,1,"81,317"
Lakewood,3,0,1,0,0,0,3,1,0,0,"156,344"
Lakewood,1,0,0,0,0,0,0,1,0,0,"61,080"
Lakewood Township,7,15,0,0,0,0,4,6,7,5,"102,759"
Lampasas,2,0,0,0,0,0,0,0,0,2,"7,910"
Lancaster,5,0,2,0,0,0,2,2,2,1,"160,653"
Lancaster,1,0,0,0,0,0,0,0,0,1,"40,026"
Lane,0,0,2,0,0,0,2,0,0,0,
Langston University,0,0,0,0,0,1,0,0,0,1,"2,420"
Lansing,10,0,2,0,0,0,2,2,6,2,"116,302"
Lansing Township,0,0,1,0,0,0,0,1,0,0,"8,150"
Lapeer,0,1,0,0,0,0,1,0,0,0,"8,735"
Lapeer,0,1,0,0,0,0,0,1,0,0,
Lapeer County,1,1,0,0,0,0,0,0,1,1,
Laramie,0,1,1,0,0,0,0,0,0,2,"32,632"
Largo,1,2,0,0,0,0,2,0,1,,"83,728"
Larimer,0,1,0,0,0,0,0,1,0,0,
Lauderdale-by-the-Sea,1,0,0,0,0,0,,,1,,"6,589"
Laurel,1,0,0,0,0,0,0,1,0,0,
Laurel,0,1,0,0,0,0,0,1,,,"25,997"
Laurens,1,0,0,0,0,0,0,0,0,1,"9,089"
Laurens,2,0,0,0,0,0,0,1,0,1,
Lawrence,2,1,0,0,0,0,0,1,2,0,"48,174"
"Lawrence Township, Mercer County",0,2,0,0,0,0,0,1,0,1,"32,929"
Lawrenceburg,2,0,0,0,0,0,0,1,0,1,"11,211"
Lawton,0,1,0,0,0,0,1,0,0,0,"94,134"
Layton,2,2,0,0,0,0,1,0,2,1,"77,048"
League City,3,0,0,0,0,0,1,1,0,1,"105,351"
Lebanon,5,0,0,0,0,0,1,2,2,0,"32,248"
Lee,4,1,1,0,0,0,2,3,0,1,
Lee's Summit,1,0,0,0,0,0,1,0,0,0,"96,855"
Leesburg,1,0,0,0,0,0,1,0,0,0,"22,763"
Leesburg,4,2,0,0,0,0,1,3,1,1,"54,393"
Leitchfield,1,0,0,0,0,0,0,0,1,0,"6,900"
Lemon Grove,1,0,0,0,0,0,0,0,0,1,"27,113"
Leon,1,0,0,0,0,0,1,0,0,0,
Leon Valley,2,0,0,0,0,0,,2,0,,"11,508"
Lewis,1,0,0,1,0,0,0,0,1,1,
Lewis County ,1,0,0,0,0,0,0,0,1,0,
Lewiston,3,0,0,0,0,0,0,1,1,1,"33,029"
Lewiston,1,0,0,0,0,0,0,0,0,1,"36,067"
Lexington,20,3,3,0,0,1,7,6,9,5,"322,332"
Lexington,0,1,0,0,0,0,0,0,1,0,"33,768"
Lexington County Medical Center,1,0,0,0,0,0,0,0,0,1,
Liberal,0,0,0,1,0,0,0,0,0,1,"20,317"
Liberty Village,1,0,0,0,0,0,0,0,1,0,"4,050"
Lima,6,1,1,0,0,0,1,4,1,2,"37,220"
Lincoln,1,0,0,0,0,0,1,0,0,0,
Lincoln,0,2,0,0,0,0,0,0,1,1,"6,860"
Lincoln,21,5,3,0,0,0,3,5,10,11,"284,063"
Lincoln,1,0,0,0,0,0,0,1,0,0,
Lincoln Park,2,0,0,0,0,0,0,0,2,0,"36,502"
Lincoln Township,1,0,0,0,0,0,1,0,0,0,"14,460"
Lindenwold,0,0,1,0,0,0,0,0,0,1,"17,516"
Lindsborg,0,0,1,1,0,0,1,0,0,1,"3,319"
Little River Band of Ottawa Indians,2,0,0,0,0,0,0,2,0,0,
Littleton,0,3,0,0,0,0,1,2,0,0,"47,112"
Livermore,2,0,0,0,0,0,0,0,2,0,"90,485"
Livingston,2,0,0,0,0,0,0,0,1,1,
Livingston County,4,2,1,0,0,0,2,3,2,0,
Livingston Township,2,1,0,0,0,0,1,1,0,1,"29,987"
Lodi,1,0,0,0,0,0,0,0,1,0,"65,042"
Lodi,2,0,3,0,0,0,3,1,0,1,"24,981"
Logan,0,0,1,0,0,0,1,0,0,0,"7,077"
Logan,1,0,0,0,0,0,0,0,1,0,
Logan,0,0,1,0,0,0,0,0,0,1,"51,059"
Loma Linda,1,0,0,0,0,0,1,0,0,0,"24,265"
Lomita,1,0,0,0,0,0,0,0,0,1,"20,764"
London,1,0,0,0,0,0,0,0,1,0,"8,184"
London,1,1,0,0,0,0,0,1,0,1,
Long Beach,8,3,6,0,0,0,7,3,5,2,"471,397"
Long Beach,1,2,0,0,0,0,1,1,1,0,"37,776"
Longmont,1,0,0,0,0,1,0,0,1,0,"93,979"
Longview,1,2,3,0,0,1,0,3,0,3,"82,303"
Lopatcong Township,0,1,0,0,0,0,1,0,0,0,"8,298"
Lorain,1,1,0,0,0,0,1,1,0,0,"63,672"
Lorain,1,0,0,0,0,0,0,0,1,0,
Los Angeles,126,43,82,0,1,11,65,72,70,56,"4,007,147"
Los Angeles,6,5,4,0,0,0,2,5,5,3,
Los Angeles ,3,1,1,0,0,0,1,0,3,1,"43,548"
Los Angeles Transportation Services Bureau,3,0,3,0,0,0,2,3,1,0,
Los Gatos,0,1,0,0,0,0,1,0,0,0,"30,720"
Loudoun,7,5,4,0,0,0,5,5,4,2,
Louisa,1,0,0,0,0,0,0,0,1,0,
"Louisiana State University, Baton Rouge",1,0,0,0,0,0,0,0,0,1,"31,409"
Louisville,1,0,0,0,0,0,1,0,0,0,"9,373"
Louisville Metro,11,2,0,1,0,0,5,0,7,2,"684,362"
Loveland,1,0,1,0,0,0,0,1,1,0,"78,671"
Loveland,1,0,0,0,0,0,0,0,0,1,"12,846"
Lowell,0,1,1,0,0,0,0,1,1,0,"111,294"
Lower Windsor Township,1,0,0,0,0,0,1,0,0,0,"7,500"
Lubbock,2,0,0,0,0,0,,,,2,"256,335"
Lucas,2,0,0,0,0,0,0,1,1,0,
Ludington,1,0,0,0,0,0,0,0,1,0,"8,068"
Lumberton Township,0,1,0,0,0,0,0,0,1,0,"12,286"
Lummi Tribal,1,0,0,0,0,0,0,1,0,0,
Luther,1,0,0,0,0,0,0,0,1,0,"1,675"
Lynchburg,2,0,0,0,0,0,1,1,0,0,"80,890"
Lyndhurst,2,1,0,0,0,0,0,1,1,1,"13,586"
Lynn,5,0,2,0,0,0,4,0,1,1,"93,140"
Lynnwood,1,0,0,0,0,0,1,0,0,0,"38,469"
Mackinac,1,0,0,0,0,0,0,0,1,0,
Macomb County,1,0,0,0,0,0,0,0,0,1,
Macon,1,0,0,0,0,0,0,0,1,0,
Macon,1,0,0,0,0,0,0,0,1,0,"5,360"
Madison,0,0,1,0,0,0,1,0,0,0,
Madison,2,0,0,0,0,0,0,0,2,0,
Madison,1,2,0,0,0,0,1,1,0,1,"16,175"
Madison,0,0,0,1,0,0,0,0,0,1,
Madison,0,1,0,0,0,0,1,0,0,0,
Madison,0,1,1,0,0,0,0,1,1,0,"255,850"
Madison Heights,1,0,0,0,0,0,1,0,0,0,"30,152"
"Madison Township, Franklin County",0,1,0,1,0,0,1,1,0,0,"18,661"
Madisonville,1,1,0,0,0,0,0,1,0,1,"19,316"
Magnolia,2,0,0,0,0,0,1,1,0,0,"4,310"
Malden,3,2,0,0,0,0,1,0,3,0,"61,098"
Malibu,2,0,0,0,0,0,1,0,1,0,"12,918"
Manalapan Township,4,4,0,0,0,0,1,2,4,1,"40,177"
Manasquan,2,0,0,0,0,0,1,0,1,0,"5,804"
Manassas,1,0,0,0,0,0,1,0,0,0,"41,995"
Manassas Park,1,0,0,0,0,0,1,0,0,0,"16,158"
Manchester,2,0,2,0,0,0,1,2,1,0,"57,808"
Manchester,0,1,0,0,0,0,0,1,0,0,"110,655"
Manchester,1,0,0,0,0,0,0,0,0,1,"10,702"
Manchester Township,1,0,0,0,0,0,1,0,0,0,"43,916"
Manchester-by-the-Sea,0,0,0,1,0,0,1,0,0,0,"5,435"
Mangonia Park,0,0,1,0,0,0,0,0,0,1,"2,009"
Manhattan,1,0,0,0,0,0,0,0,0,1,"7,625"
Manhattan Beach,0,0,1,0,0,0,0,0,0,1,"35,843"
Manistee,1,0,0,0,0,0,0,0,1,0,"6,030"
Manitowoc,1,0,0,0,0,0,1,0,0,0,"32,813"
Mankato,1,0,0,0,0,0,0,0,0,1,"42,047"
"Manor Township, Lancaster County",1,0,0,0,0,0,0,0,1,0,"20,949"
Mansfield,1,0,0,0,0,0,0,0,0,1,"23,847"
Mansfield,3,0,2,0,0,0,1,2,1,1,"46,507"
"Mansfield Township, Warren County",0,1,0,0,0,0,0,1,0,0,"7,435"
Manteca,2,2,0,0,0,0,1,0,3,0,"78,564"
Mantua Township,1,0,0,0,0,0,0,0,0,1,"15,123"
Maple Grove,2,2,0,0,0,0,0,0,1,3,"70,966"
Maple Shade Township,1,2,0,0,0,0,1,1,0,1,"18,797"
Maplewood,5,0,0,0,0,0,1,0,3,1,"40,689"
Maplewood Township,0,1,0,0,0,0,1,0,0,0,"24,863"
Marble Falls,1,0,0,0,0,0,1,0,0,0,"6,358"
Marblehead,0,1,0,0,0,0,0,1,0,0,"20,618"
Maricopa,1,0,2,0,0,0,2,0,0,1,
Marietta,1,0,2,0,0,0,0,1,0,2,"13,582"
Marietta,0,1,0,0,0,0,1,0,0,0,"2,782"
Marin,0,1,0,0,0,0,1,0,0,0,
Marin County,1,0,0,0,0,0,0,0,1,0,
Marion,1,0,0,0,0,0,0,0,0,1,
Marion,1,2,0,0,0,0,0,2,0,1,"7,819"
Marion,0,0,1,1,0,0,1,1,0,0,
Marion,0,0,1,0,0,0,0,0,0,1,
Marion,1,0,0,0,0,0,0,0,1,0,"5,837"
Marion County,1,2,1,1,0,0,1,1,3,0,
Marshall,1,0,0,0,0,0,0,0,1,0,
Marshalltown,0,1,0,0,0,0,1,0,0,0,"27,287"
Martin,1,0,0,0,0,0,0,1,0,0,
Martin,1,0,0,0,0,0,1,0,0,0,
Martin,2,0,0,0,0,0,0,0,2,0,
Martinez,2,4,0,1,0,0,0,2,5,0,"38,619"
Martinsburg,0,1,0,0,0,0,0,0,0,1,"17,761"
Maryland Heights,1,0,0,0,0,0,0,0,0,1,"27,083"
Marysville,3,0,0,0,0,0,0,0,3,0,"12,275"
Marysville,0,0,1,0,0,0,1,0,0,0,"23,622"
Marysville,2,2,0,0,0,0,1,2,1,0,"68,950"
Mashpee,0,1,0,0,0,0,0,0,1,0,"14,272"
Mason,1,0,0,0,0,0,0,1,0,0,
Mason,3,0,0,0,0,0,1,2,0,0,"33,406"
Mason,1,0,0,0,0,0,0,0,1,0,
Mason County,0,1,0,0,0,0,0,0,0,1,
Massachusetts Bay Transportation Authority:  ,,,,,,,,,,,
Massachusetts General Hospital,5,0,1,0,0,0,,,2,4,
Massasoit Community College,0,1,0,0,0,0,1,0,0,0,"7,471"
Massillon,2,0,0,0,0,0,1,1,0,,"32,265"
Mayfield,6,0,1,0,0,0,0,1,3,3,"9,991"
Mayfield,2,0,0,1,1,0,2,1,1,0,
Maysville,8,0,0,0,1,0,0,3,3,3,"8,841"
McCook,0,0,1,0,0,0,0,0,0,1,
McCracken,6,0,0,1,7,0,1,7,1,5,
McCracken County Public Schools,1,0,0,0,0,0,0,0,0,1,
McDowell,2,0,0,0,0,0,0,1,0,1,
McKinney,4,1,0,0,0,0,2,1,2,0,"179,934"
McLean,0,1,0,0,0,0,0,0,1,0,
McMinn,1,0,0,0,0,0,0,0,1,0,
McMinnville,1,1,0,0,0,0,0,1,1,0,"13,786"
Medford,5,1,0,1,0,0,2,3,0,2,"57,418"
Medford Lakes,1,1,0,0,0,0,0,0,2,0,"4,038"
Medford Township,3,2,2,0,0,0,1,1,0,5,"23,503"
"Medical Center, Sacramento",0,1,0,0,0,0,0,1,0,0,
Medical University of South Carolina,1,0,0,0,0,0,1,0,0,0,"2,986"
Medina Township,1,0,0,0,0,0,1,0,0,0,"8,940"
Medway,1,0,0,0,0,0,0,0,0,1,"13,407"
Memphis,4,0,3,0,0,0,1,4,0,2,"652,765"
Mendocino,1,0,0,0,0,0,1,0,0,0,
Menifee,1,0,0,0,0,0,0,0,0,1,"90,403"
Menominee,2,1,0,0,0,0,0,1,1,1,
Mentor-on-the-Lake,0,1,0,0,0,0,1,0,0,0,"7,359"
Merced,1,0,0,0,0,0,0,0,0,1,"83,180"
Meriden,0,0,1,0,0,0,0,1,0,0,"59,417"
Meridian Township,2,1,6,0,0,0,2,0,6,1,"42,878"
Merrick,4,0,0,0,0,0,0,0,2,2,
Mesa,4,1,0,0,0,0,1,0,1,3,"492,268"
Mesa,1,0,1,0,0,0,0,0,0,2,
Metro Police Authority of Genesee County,0,1,0,0,0,0,0,1,0,0,"20,001"
Metro Transit Police,21,2,1,0,0,0,6,8,3,7,
Metuchen,0,0,0,1,0,0,1,0,0,0,"13,981"
Miami Beach,0,7,9,0,0,0,8,6,1,1,"92,571"
Miami County,0,1,0,0,0,0,0,0,1,0,
Miami Gardens,0,2,0,0,0,0,2,0,0,0,"114,008"
Miami-Dade,0,0,1,0,0,0,0,0,0,1,
Michigan City,1,0,0,0,0,0,0,0,0,1,"31,108"
Michigan State University,1,0,0,0,0,0,0,0,1,0,"50,340"
Middlebury,1,0,0,0,0,0,0,0,0,1,"8,681"
Middlesboro,1,0,0,0,0,0,0,0,0,1,"9,534"
Middlesex Borough,1,1,0,0,0,0,1,0,1,0,"13,897"
Middlesex County,1,0,0,0,0,0,,,,1,
Middleton,1,0,0,0,0,0,0,0,1,0,"7,486"
Middletown,5,2,1,0,0,0,2,1,3,2,"46,363"
Middletown,0,1,0,0,0,0,0,0,1,0,"27,607"
Midland,1,0,0,0,0,0,1,0,0,0,"42,131"
Midland,1,0,0,0,0,0,0,1,0,0,
Milan,2,1,1,0,1,0,2,1,0,2,"7,780"
Mill Creek,0,0,1,0,0,1,0,1,0,1,"20,664"
Millburn Township,0,1,0,0,0,0,0,0,0,1,"20,421"
Millbury,0,1,0,0,0,0,0,0,1,0,"13,626"
Millington,1,0,0,0,0,0,1,0,0,0,"1,016"
Millington,3,0,1,0,0,0,0,0,2,2,"10,944"
Milton,0,1,1,0,0,0,1,1,0,0,"27,420"
Milwaukee,4,1,0,0,0,0,3,0,0,2,"595,168"
Minneapolis,16,7,8,0,0,0,10,9,8,4,"418,971"
Minnehaha,1,0,0,0,0,0,1,0,0,0,
Minot,1,0,1,0,0,0,0,2,0,0,"50,118"
Minster,1,0,0,0,0,0,1,0,,,"2,866"
Missaukee,1,0,0,0,0,0,0,0,1,0,
Missoula,1,1,0,0,0,0,0,0,2,0,
Moab,1,0,0,0,0,0,0,0,1,0,"5,266"
Modesto,6,1,3,0,0,0,6,1,2,1,"213,677"
Mohave,1,0,0,0,0,0,0,0,1,,
Mohegan Tribal,1,0,0,0,0,0,0,1,0,0,
Moncks Corner,3,1,1,0,0,0,2,2,1,0,"10,818"
Monmouth Beach,0,1,0,0,0,0,0,0,0,1,"3,213"
Monroe,1,0,0,0,0,0,1,0,0,0,
Monroe,1,0,0,0,0,0,1,0,0,0,"19,868"
Monroe,0,1,0,0,0,0,0,1,0,0,
Monroe,0,0,0,1,0,0,0,0,1,0,"35,153"
Monroe,0,1,0,0,0,0,0,0,1,0,
Monroe,3,1,0,0,0,0,0,1,2,1,"18,596"
Monroe County,0,1,0,0,0,0,0,0,0,1,
Monroe County,2,0,0,0,0,0,0,2,0,0,
"Monroe Township, Middlesex County",0,3,0,0,0,0,0,0,0,3,"45,722"
Monroe Village,2,0,0,0,0,0,0,0,2,0,"8,636"
Montana State University,1,0,0,0,0,0,1,0,0,0,"16,359"
Montcalm County,2,0,0,0,0,0,0,0,1,1,
Montclair,2,0,0,0,0,0,0,0,1,1,"39,029"
Montclair State University,3,1,1,0,0,0,2,1,2,,"20,987"
Monterey,1,0,1,0,0,0,0,0,2,0,"28,584"
Monterey,1,0,0,0,0,0,0,1,0,0,
Monterey Bay,1,0,1,0,0,0,0,1,0,1,"7,274"
Monterey Park,3,1,0,0,0,0,1,0,1,2,"61,210"
Montgomery,2,1,1,0,0,0,0,2,2,0,
Montgomery,0,1,0,0,0,0,0,1,0,0,"10,638"
Montgomery,3,0,2,0,0,0,1,2,0,2,
Montgomery,0,1,0,0,0,0,0,0,0,1,
Montgomery County Police Department,2,2,2,0,0,0,0,3,2,1,
Montvale,0,1,0,0,0,0,1,0,0,0,"8,653"
Monument,1,0,0,0,0,0,1,0,0,0,"6,644"
Moorestown Township,4,1,0,0,0,0,1,2,1,1,"20,534"
Moorhead,2,0,1,0,0,0,3,0,0,0,"42,999"
Morehead,1,0,0,0,0,0,0,0,1,0,"7,915"
Morehead,3,0,0,0,0,0,0,0,0,3,
Moreno Valley,1,0,2,0,0,0,1,0,1,1,"207,418"
Morristown,3,0,0,0,0,0,0,1,2,0,"29,774"
Morrisville,2,3,0,0,0,0,0,0,1,4,"3,003"
Morton,1,0,0,0,0,0,1,0,0,0,
Moscow,1,0,0,0,0,0,0,1,0,0,"25,576"
Mount Healthy,1,0,0,0,0,0,0,0,0,1,"6,020"
Mount Laurel Township,0,0,1,0,0,0,1,0,0,0,"41,712"
Mount Olive Township,1,0,1,0,0,0,0,0,0,2,"29,410"
Mount Pleasant,1,0,1,0,0,0,1,0,1,0,"26,366"
Mount Prospect,0,2,0,0,0,0,0,0,2,0,"54,162"
Mount Sterling,2,0,0,0,0,0,1,0,0,1,"7,298"
Mount Vernon,2,0,0,0,0,0,0,0,1,1,"68,507"
Mount Vernon,0,1,0,0,0,0,0,1,0,0,"16,553"
Mount Vernon,5,0,0,0,0,0,1,3,0,1,"35,085"
Mount Washington,1,0,0,0,0,0,0,1,0,0,"14,511"
Mountain Home,2,0,0,0,0,0,0,1,0,1,"13,772"
Mukilteo,0,1,0,0,0,0,0,1,0,0,"21,662"
Muldrow,1,0,1,0,0,0,0,1,1,0,"3,250"
Mullica Township,1,0,0,0,0,0,0,0,0,1,"6,024"
Mulvane,1,0,0,0,0,0,1,0,0,0,"6,343"
Murfreesboro,0,0,0,1,0,0,1,0,0,0,"136,102"
Murray,2,0,1,0,1,0,0,1,3,0,"19,205"
Murrieta,1,0,0,0,0,0,0,1,0,0,"113,016"
Murrysville,1,0,0,0,0,0,1,0,0,0,"20,034"
Muskegon,4,0,0,0,0,0,0,0,4,0,"38,375"
Muskegon,0,0,1,0,0,0,1,0,0,0,
Muskegon County,1,0,0,0,0,0,0,0,0,1,
Muskogee,1,0,0,0,0,0,1,0,0,0,"38,199"
Myrtle Beach,0,0,1,0,0,0,0,0,1,0,"33,167"
Nahant,0,1,0,0,0,0,0,0,1,0,"3,500"
Nampa,2,1,1,0,0,0,2,1,1,0,"93,064"
Nashville Metropolitan,11,5,3,0,0,0,6,3,6,4,"674,942"
Nassau,9,28,0,0,0,0,14,9,9,5,
Natick,0,1,0,0,0,0,1,0,0,0,"36,705"
National City,1,0,0,0,0,0,1,0,0,0,"61,574"
Neptune Township,6,0,1,0,0,0,4,1,0,2,"27,757"
Nevada,0,0,1,0,0,0,0,1,0,0,
New Albany,3,0,0,0,0,0,0,2,0,1,"10,838"
New Bedford,0,0,1,0,0,0,0,1,0,0,"95,107"
New Bern,1,0,0,0,0,0,1,0,0,0,"30,191"
New Brighton,1,0,0,0,0,0,0,0,1,0,"22,772"
New Britain,0,1,0,0,0,0,0,1,0,0,"72,442"
New Brunswick,1,0,2,0,0,0,2,,1,,"57,481"
New Brunswick,4,12,9,0,0,0,6,7,3,9,"50,146"
New Castle,0,0,1,0,0,0,1,0,0,0,"5,362"
New Castle County,2,1,0,0,0,0,1,1,1,0,
New Castle County Police Department,2,4,0,0,0,0,4,0,0,2,
New Castle Town,1,1,0,0,0,0,2,,,,"18,189"
New Hanover,2,2,0,0,0,0,0,1,3,0,
New Haven,4,2,3,0,0,1,0,4,4,2,"129,953"
New Hope,0,0,1,0,0,0,0,0,0,1,"2,492"
New Jersey State Police,4,1,0,1,0,0,4,,,2,
New Lenox,0,0,0,1,0,0,1,0,0,0,"26,529"
New London,0,0,1,0,0,0,0,1,0,0,"26,880"
New Milford,1,0,0,0,0,0,0,0,1,0,"26,993"
New Orleans,1,0,0,0,0,0,,,0,1,"397,447"
New Paltz,0,2,0,0,0,0,0,0,0,2,"7,628"
New Paltz Town and Village,0,1,0,0,0,0,1,0,0,0,"14,125"
New Port Richey,1,0,0,0,0,0,0,0,1,0,"16,388"
New Rochelle,4,1,0,0,0,0,2,0,1,2,"79,960"
New York,88,173,46,0,0,11,96,82,68,72,"8,616,333"
New York City Metropolitan Transportation Authority,16,12,0,0,0,0,11,1,7,9,
Newark,2,1,0,0,0,0,0,2,1,0,"46,360"
Newark,0,2,0,0,0,0,,,,2,"12,321"
Newaygo,0,0,0,0,1,0,0,1,0,0,
Newberg-Dundee,1,1,0,0,0,0,1,0,1,0,"26,769"
Newburyport,0,1,0,0,0,0,0,0,1,0,"18,092"
Newport,1,0,0,0,0,0,0,1,0,0,"15,202"
Newport,0,0,1,0,0,0,0,1,0,0,"4,287"
Newport Beach,1,0,0,0,0,0,0,0,0,1,"86,910"
Newport News,2,1,1,0,0,0,3,0,1,0,"181,738"
Newton,2,0,0,0,0,0,2,0,0,0,"19,095"
Newton,3,7,2,0,0,0,5,4,1,2,"89,736"
Newton,0,1,1,0,0,0,0,0,1,1,"7,874"
Newton Falls,0,0,1,0,0,0,1,0,0,0,"4,567"
Niagara Falls,3,0,0,0,0,0,0,1,2,0,"48,385"
Nicholasville,4,0,0,0,0,0,1,0,1,2,"30,333"
Noble,0,0,1,0,0,0,0,0,1,0,"6,799"
Norco,0,1,0,0,0,0,0,1,0,0,"26,654"
Norfolk,2,0,0,0,0,0,0,0,1,1,"24,364"
Norfolk,1,0,1,0,0,0,0,0,1,1,"245,190"
Norman,1,0,1,0,1,0,1,0,1,1,"124,074"
Normandy,1,0,0,0,0,0,0,1,0,0,"7,544"
North Andover,1,0,0,0,0,0,0,0,1,0,"31,035"
North Bergen Township,0,1,0,0,0,0,1,0,0,0,"63,490"
North Branford,0,1,0,0,0,0,0,0,1,0,"14,163"
North Canton,1,1,1,0,0,0,2,0,1,0,"17,348"
North Carolina Central University,1,0,0,0,0,0,0,0,0,1,"8,094"
North Charleston,1,0,0,0,0,0,0,0,0,1,"111,305"
North Fond du Lac,1,0,0,0,0,0,0,1,0,0,"5,038"
North Haven,0,0,1,0,0,0,0,0,0,1,"23,646"
North Kansas City,1,0,0,0,0,0,0,1,0,0,"4,407"
North Miami,1,0,0,0,0,0,1,0,0,0,"62,543"
North Plains,1,0,0,0,0,0,0,0,1,0,"2,158"
Northbridge,1,0,0,0,0,0,0,0,0,1,"16,711"
Northern Virginia Community College,1,2,0,0,0,0,2,1,0,0,"50,835"
Northfield,0,4,4,0,0,0,0,0,0,8,"2,966"
Northfield,1,0,0,0,0,0,0,1,0,0,"20,512"
Northfield,1,0,0,0,0,0,1,0,0,0,"8,376"
Northglenn,0,1,0,0,0,0,0,1,0,0,"39,520"
Northville Township,2,0,0,0,0,0,0,0,2,0,"28,751"
Norton,1,0,1,1,0,0,3,0,0,0,"2,799"
Norwalk,1,0,1,0,0,0,0,0,1,1,"106,278"
Norwell,1,0,0,0,0,0,0,0,1,0,"11,150"
Norwich,0,1,0,0,0,0,0,0,1,0,"39,393"
Nottawaseppi Huron Band of Potawatomi,1,0,0,0,0,0,0,0,1,0,
Novato,2,0,0,0,0,0,1,0,1,0,"56,698"
Oak Harbor,1,0,0,0,0,0,0,0,1,0,"2,731"
Oak Harbor,1,0,0,0,0,0,0,1,0,0,"23,371"
Oak Hill,3,0,0,0,0,0,0,3,0,0,"8,490"
Oak Park,1,0,0,0,0,0,0,0,1,0,"51,753"
Oak Park,0,2,0,0,0,0,0,0,2,0,"29,698"
Oakdale,1,0,0,0,0,0,1,0,0,0,"28,181"
Oakland,9,7,2,0,0,0,8,4,4,2,"424,915"
Oakland,0,1,0,0,0,0,0,0,0,1,"13,243"
Oakland County,2,0,0,1,0,0,0,2,1,0,
Oakland Park,2,1,1,0,0,0,1,1,1,1,"44,814"
Oakland University,1,0,0,0,0,0,0,0,0,1,"20,012"
Ocala,0,0,1,0,0,0,1,0,0,0,"59,731"
"Ocean Township, Monmouth County",3,3,0,0,0,0,1,3,2,0,"26,637"
Oceana County,1,0,0,0,0,0,0,1,0,0,
Oceano Dunes,0,0,1,0,0,0,0,1,0,0,
Oceanside,4,1,1,0,0,0,1,1,3,1,"176,815"
Odessa,2,1,2,1,0,0,2,2,1,1,"121,194"
Ogden,2,1,1,0,0,0,1,1,2,0,"87,323"
Ohio,1,0,0,0,0,0,0,0,1,0,
Ohio State Highway Patrol,1,0,0,1,0,0,0,2,0,0,
"Ohio State University, Columbus",3,0,0,0,0,0,1,0,1,1,"59,482"
Okaloosa,1,0,0,0,0,0,0,1,,,
"Oklahoma State University, Main Campus",1,0,0,0,0,0,0,0,0,1,"25,622"
Old Bridge Township,2,0,0,0,0,0,1,0,1,0,"67,162"
Old Orchard Beach,2,0,0,0,0,0,0,1,1,0,"8,842"
Old Saybrook,3,0,0,0,0,0,1,0,2,0,"10,070"
Old Tappan,0,1,0,0,0,0,0,0,1,0,"6,069"
Oldham County Police Department,2,0,0,0,0,0,0,2,0,0,
Olympia,3,0,0,0,0,1,2,2,0,0,"51,923"
Omaha,2,1,0,0,0,0,1,1,1,0,"449,388"
Oneida County ,0,1,0,0,0,0,0,,1,0,
Onondaga County ,0,1,0,0,0,0,0,0,0,1,
Ontario,1,0,0,1,0,0,1,1,0,0,"174,724"
Ontario,0,0,0,1,0,0,0,1,0,0,"6,058"
Ontario,0,0,1,0,0,0,1,0,0,0,"10,970"
Ontonagon,0,0,1,0,0,0,0,1,0,0,
Oradell,0,2,0,0,0,0,0,2,0,0,"8,291"
Orange,1,0,0,0,0,0,0,0,,1,"141,130"
Orange,2,1,0,0,0,0,0,1,1,1,"13,904"
Orange,2,0,0,0,0,0,2,0,0,0,
Orange County ,0,1,0,0,0,0,0,0,1,0,
Orangeburg,1,0,0,0,0,0,0,1,0,0,"13,076"
Orangeburg,7,1,0,1,0,0,3,1,2,3,
Oregon City,0,1,0,0,0,0,0,0,0,1,"36,921"
Orland,1,0,0,0,0,0,0,1,0,0,"7,624"
Orlando,2,0,3,0,0,0,1,2,1,1,"283,982"
Orting,2,2,0,0,0,0,2,0,1,1,"7,863"
Osceola,2,1,1,0,0,0,2,0,1,1,
Osceola County,1,0,0,0,0,0,0,0,1,0,
Oswego County ,0,1,0,0,0,1,1,0,0,1,
Otsego,0,0,0,0,1,0,0,1,0,0,
Ottawa,3,1,0,0,0,0,2,1,1,,"12,307"
Ottawa,1,1,1,0,0,0,0,0,2,1,
Otter Tail,0,1,0,0,0,0,1,0,0,0,
Overland,1,0,0,0,0,0,0,1,0,0,"15,760"
Ovid,1,0,0,0,0,0,0,0,1,0,"1,615"
Owasso,0,0,1,0,0,0,1,0,0,0,"36,869"
Owensboro,5,1,1,0,0,0,2,0,3,2,"59,576"
Oxford,0,0,1,0,0,0,1,0,0,0,"22,459"
Oxnard,2,4,1,0,0,0,0,2,5,0,"209,513"
Ozark,2,0,0,0,0,0,1,,,1,"14,559"
Pacific Grove,0,1,0,0,0,0,0,1,0,0,"15,716"
Pacifica,1,0,1,0,0,0,1,0,1,0,"39,353"
Paducah,10,2,1,0,0,1,4,5,3,2,"25,169"
Page,1,0,0,0,0,0,0,0,1,0,"7,632"
Page,2,0,0,0,0,0,1,0,0,1,
Palestine,1,0,0,0,0,0,0,0,0,1,"18,316"
Palm Bay,1,0,1,0,0,0,0,1,1,0,"111,275"
Palm Beach,1,1,0,0,0,0,1,1,0,0,
Palm Springs,0,0,3,0,0,0,1,1,0,1,"48,193"
Palmdale,3,0,0,0,0,0,2,1,0,0,"158,094"
Palmyra,1,0,1,0,0,0,0,1,0,1,"7,217"
Palo Alto,2,3,0,0,0,0,4,0,1,0,"67,441"
Pampa,1,0,0,0,0,0,0,0,1,0,"17,736"
Paradise,1,0,0,0,0,0,0,0,1,0,"26,610"
Paramus,1,1,0,0,0,0,1,0,1,0,"27,075"
Paris,2,0,1,0,0,0,1,1,1,0,"9,845"
Park Hills,1,0,0,0,0,0,0,0,1,0,"3,001"
Parkersburg,1,0,0,0,0,0,0,1,0,0,"30,475"
Parma,1,0,0,0,0,0,0,0,1,0,"79,340"
Pasadena,1,1,0,0,0,1,0,1,2,0,"142,891"
Pasco,3,0,0,0,0,0,0,0,3,0,
Pasco,1,0,0,0,0,0,1,0,0,0,"72,146"
Passaic,1,1,1,0,0,0,0,0,2,1,"71,053"
Patton Township,1,0,0,0,0,0,0,0,1,0,"16,100"
Paulsboro,1,0,0,0,0,0,0,0,1,0,"5,959"
Payne,1,0,0,0,0,0,0,1,0,0,
Pearland,1,0,0,0,0,0,0,1,0,0,"117,869"
Pekin,1,0,0,0,0,0,0,0,0,1,"32,866"
Pelham,1,0,0,0,0,0,0,0,1,0,"13,513"
Pendleton,1,0,0,0,0,0,0,1,0,0,
Pennington,1,0,0,0,0,0,0,0,0,1,
Pennsville Township,1,0,0,0,0,0,0,0,1,0,"12,564"
Pennsylvania State University:  ,,,,,,,,,,,
Peoria,0,0,1,0,0,0,0,1,0,0,"114,157"
Peoria,1,0,0,0,0,0,0,0,0,1,
Pequannock Township,0,1,0,0,0,0,1,0,0,0,"15,472"
Perkins,0,0,0,1,0,0,0,0,0,1,
Perkins Township,1,0,0,0,0,0,0,1,0,0,"11,773"
Perry,2,0,0,0,0,0,0,2,0,0,"2,094"
Perry,0,0,0,1,0,0,0,0,0,1,
"Perry Township, Franklin County",0,1,0,0,0,0,1,0,0,0,"3,758"
Petaluma,5,1,2,0,0,0,5,1,1,1,"60,957"
Petersburg,1,0,0,0,0,0,1,0,0,0,"31,739"
Petoskey,1,0,0,0,0,0,0,0,1,0,"5,764"
Pflugerville,4,0,0,0,0,0,,,0,4,"61,212"
Pflugerville,1,0,0,0,0,0,,,0,1,
Philadelphia,19,14,4,0,0,3,7,20,7,6,"1,575,595"
Phoenix,142,41,44,4,0,12,49,57,48,65,"1,644,177"
Pickens,1,0,0,0,0,0,0,0,1,0,"3,201"
Pickerington,0,1,0,0,0,0,0,0,0,1,"20,373"
Pico Rivera,0,0,2,0,0,1,2,0,1,0,"63,746"
Piedmont,1,1,0,0,0,0,0,0,2,0,"11,464"
Pierce,6,1,1,0,0,0,3,0,5,0,
Pierce Township,1,0,0,0,0,0,1,0,0,0,"11,623"
Pikeville,2,0,0,0,0,0,1,0,1,0,
Pima,2,0,0,0,0,0,2,,,0,
Pinckney,0,0,0,1,0,0,0,0,1,0,"2,463"
Pinellas,0,1,0,0,0,0,1,0,0,0,
Piscataway Township,0,1,0,0,0,0,1,0,0,0,"58,109"
Pitt,4,0,0,0,0,0,0,1,1,2,
Pittsburgh,13,0,1,0,0,0,6,3,3,2,"305,932"
Pittsfield,0,1,0,0,0,0,1,0,0,0,"42,546"
Pittsfield Township,1,0,0,0,0,0,0,0,0,1,"39,061"
Placentia,1,0,0,0,0,0,0,1,0,0,"52,437"
Plainfield,0,1,0,0,0,0,0,0,1,0,"43,450"
Plainfield,1,0,1,0,0,0,1,1,0,0,"32,067"
Plainfield,0,1,0,0,0,0,1,0,0,0,"50,983"
Plano,2,0,0,0,0,1,1,2,0,0,"290,413"
Plattsburgh,1,1,0,0,0,0,2,0,0,0,"5,520"
Pleasant Hill,0,1,0,0,0,0,1,0,0,0,"35,136"
Pleasant View,1,0,0,0,0,0,0,0,0,1,"10,036"
Plumas,1,0,0,0,0,0,0,0,1,0,
Plymouth,0,1,0,0,0,0,1,0,0,0,"59,803"
Plymouth,0,1,0,0,0,0,0,0,0,1,"78,356"
Plymouth,0,1,0,0,0,0,0,0,0,1,"6,303"
Pocatello,0,1,0,0,0,0,1,0,0,0,"54,814"
Point Pleasant,0,1,0,0,0,0,1,0,0,0,"18,696"
Pomona,1,1,1,0,0,0,0,2,1,0,"153,066"
Pompano Beach,2,1,0,0,0,0,0,0,1,2,"111,027"
Pompton Lakes,1,0,0,0,0,0,0,0,0,1,"11,176"
Pontiac,1,0,0,0,0,0,0,1,0,0,"11,813"
Pontiac,2,0,0,0,0,0,0,0,1,1,"59,731"
Port Angeles,2,1,0,0,0,0,2,0,0,1,"19,964"
Port Jervis,0,0,1,0,0,0,0,,1,0,"8,527"
Port of San Diego Harbor,0,0,1,0,0,0,0,0,0,1,
Port of Seattle,2,2,0,0,0,0,0,1,0,3,
Port St. Lucie,0,0,1,0,0,0,0,1,0,0,"188,652"
Portland,7,2,1,0,0,0,6,3,1,0,"67,079"
Portland,1,0,0,0,0,0,0,1,0,0,"3,943"
Portland,10,4,3,1,0,0,7,7,1,3,"649,408"
Portland State University,0,0,1,0,0,0,0,0,0,1,"26,627"
Portsmouth,0,0,0,1,0,0,0,1,0,0,"20,451"
Portsmouth,3,0,1,0,0,0,1,2,1,0,"95,100"
Posey County,0,1,0,0,0,0,0,0,0,1,
Poughkeepsie,1,0,0,0,0,1,0,0,1,1,"30,159"
Powell,1,0,0,0,0,0,0,0,0,1,"13,029"
Presque Isle,2,0,0,0,0,0,0,1,1,0,
Preston,0,3,0,0,0,0,1,1,1,0,"5,372"
Price,1,1,0,0,0,2,2,2,0,0,"8,313"
Prince George County Police Department,0,0,1,0,0,0,0,0,0,1,
Prince George's County Police Department,1,0,0,0,0,0,0,1,,,
Prince William County Police Department,2,2,0,0,0,0,0,3,0,1,
Princeton,0,1,0,0,0,0,0,0,0,1,"6,084"
Princeton,8,7,0,0,0,0,1,6,5,3,"31,845"
Princeton University,3,0,0,0,0,0,,,,3,"8,181"
Providence,1,0,0,0,0,0,1,0,0,0,"3,088"
Providence,3,1,2,0,0,0,1,2,3,0,"179,854"
Provincetown,1,0,1,0,0,0,0,1,0,1,"2,993"
Pueblo,2,0,0,0,0,0,0,0,1,1,"110,872"
Pullman,1,0,0,0,0,0,0,0,0,1,"33,897"
Purcellville,0,1,0,0,0,0,0,0,1,0,"9,779"
Purdue University,1,0,0,0,0,0,1,,,,"41,513"
Putnam,1,0,0,0,0,0,1,0,0,0,
Putnam County ,0,1,1,0,0,0,0,1,0,1,
Puyallup,1,0,0,0,0,0,0,0,1,0,"41,242"
Quincy,8,2,1,0,0,0,2,1,4,3,"93,966"
Radcliff,3,0,0,0,0,0,0,1,0,2,"22,473"
Raisin Township,1,0,0,0,0,0,1,0,0,0,"7,619"
Raleigh,12,2,3,0,0,0,2,7,5,3,"468,261"
Ramapo Town,0,4,0,0,0,0,0,2,2,0,"94,019"
Ramsey,2,0,0,0,0,0,1,1,0,0,
Ramsey,1,1,0,0,0,0,0,0,1,1,"15,273"
Rancho Cordova,2,0,0,0,0,0,0,1,0,1,"73,607"
Randolph,1,0,0,0,0,0,0,0,1,0,
Randolph Township,4,4,0,0,0,0,4,2,0,2,"25,950"
Rapid City,1,0,0,0,0,0,0,1,0,0,"74,986"
Ravalli,0,1,0,0,0,0,0,0,1,0,
Raynham,0,0,0,0,0,1,1,0,0,0,"14,048"
Reading,0,1,1,0,0,0,0,0,1,1,"26,033"
Reading,1,0,0,0,0,0,0,0,0,1,"10,307"
Red Bluff,0,0,1,0,0,0,0,0,0,1,"14,169"
Redding,11,0,4,0,0,0,4,3,5,3,"92,127"
Redford Township,1,0,0,0,0,0,0,1,0,0,"46,867"
Redlands,1,1,0,0,0,0,0,0,2,0,"71,707"
Redmond,1,2,2,0,0,0,1,1,1,0,"63,889"
Redwood City,2,0,0,0,0,0,0,0,2,0,"86,353"
Reedley,0,1,0,0,0,0,0,0,0,1,"25,794"
Rehoboth Beach,1,0,1,0,0,1,0,0,3,0,"1,516"
Reno,0,0,3,0,0,0,1,2,0,0,"248,531"
Renton,3,3,0,0,0,0,4,0,0,2,"102,470"
Revere,2,1,0,0,0,0,0,1,2,0,"53,425"
Reynoldsburg,5,1,1,0,0,0,1,3,3,0,"37,704"
Rhea,1,0,0,0,0,0,0,0,1,0,
Rialto,1,0,0,0,0,0,1,0,0,0,"103,980"
Richland,1,0,0,0,0,0,0,0,0,1,
Richland,1,1,1,0,0,0,1,0,1,1,
Richland,5,0,0,0,0,0,0,2,1,2,"56,151"
"Richland Township, Cambria County",1,0,0,0,0,0,0,0,0,1,"12,153"
Richmond,3,0,2,0,0,0,1,0,2,2,"110,804"
Richmond,5,0,1,0,0,0,1,2,1,2,"35,161"
Richmond,1,0,0,0,0,0,0,0,0,1,
Richmond,2,0,0,0,0,0,1,0,0,1,"226,236"
Ridgewood,0,4,0,0,0,0,0,0,3,1,"25,729"
Riley County Police Department,3,1,0,0,0,0,0,0,3,1,
Ripley,0,0,1,0,0,0,0,0,1,0,"8,067"
River and Bay Authority,1,0,0,0,0,0,0,0,1,0,
River Edge,0,1,0,0,0,0,0,1,0,0,"11,744"
Riverside,4,4,0,0,0,0,3,3,1,1,"328,023"
Riverside,1,0,0,0,0,0,0,1,0,0,
Riverside Community College,2,0,0,0,0,0,0,0,0,2,"38,677"
Roanoke Rapids,1,0,0,0,0,0,0,1,0,0,"15,083"
Robbinsville Township,3,0,0,0,0,0,1,0,2,0,"14,446"
Rochester,10,3,0,0,0,0,3,3,3,4,"115,228"
Rochester,1,0,2,0,0,0,0,2,1,0,"208,591"
Rochester Hills,1,2,1,0,0,0,1,0,0,3,"73,827"
Rock,0,0,1,0,0,0,0,0,1,0,
Rockbridge County,1,0,0,0,0,0,1,0,0,0,
Rockcastle,0,0,1,0,0,0,0,0,1,0,
Rockford,2,0,2,0,0,0,0,2,1,1,"146,770"
Rockingham,1,0,1,0,0,0,0,1,1,0,
Rockledge,1,0,0,0,0,0,1,0,0,0,"27,432"
Rockwall,1,0,0,1,0,0,0,0,1,1,"44,599"
Rocky Hill,2,0,0,0,0,0,0,1,1,0,"20,189"
Rocky River,0,0,0,1,0,0,0,0,1,0,"20,342"
Rogersville,1,0,0,0,0,0,0,0,1,0,"4,367"
Rolla,2,0,3,0,0,0,2,1,2,0,"20,147"
Romulus,2,0,0,0,0,0,0,1,1,0,"23,174"
Roosevelt,1,0,0,0,0,0,0,0,0,1,"7,057"
Roosevelt Park,0,1,0,0,0,0,0,0,1,0,"3,826"
Roselle Park,1,0,0,0,0,0,0,0,1,0,"13,747"
Roseville,12,6,1,0,0,0,7,6,5,1,"135,028"
Roseville,6,1,0,0,0,0,2,2,3,0,"47,651"
Roseville,0,0,1,0,0,0,0,1,0,0,"36,196"
Ross,3,0,0,0,0,0,1,1,1,0,
Round Rock,1,0,0,0,0,0,0,1,0,0,"124,617"
Routt,0,0,1,0,0,0,0,0,1,0,
Roy,2,0,0,0,0,0,2,0,0,0,"38,410"
Royal Oak,1,0,0,0,0,0,0,0,1,0,"59,303"
Rumford,1,0,0,0,0,0,0,0,1,0,"5,692"
Rusk,2,0,0,0,0,0,0,0,1,1,"5,576"
Russell Springs,1,0,0,0,0,0,0,0,0,1,"2,573"
Russellville,0,0,0,1,0,0,0,0,0,1,"7,006"
Rutgers University:  ,,,,,,,,,,,
Rutherford,1,1,0,0,0,0,0,1,1,0,
Rutland,0,1,0,0,0,0,0,0,1,0,"8,687"
Rutland,0,0,1,0,0,0,0,0,0,1,"15,462"
Rye,1,0,0,0,0,0,0,1,0,0,"5,425"
Sabina,2,0,0,0,0,0,0,2,0,0,"2,534"
Sachse,1,0,0,0,0,0,0,0,1,0,"25,907"
Saco,1,2,0,0,0,0,2,1,0,0,"19,332"
Sacramento,2,2,0,0,0,1,1,2,1,1,"499,997"
Sacramento,8,1,1,0,0,1,4,0,4,3,
Saginaw,3,0,0,0,0,0,0,0,2,1,"48,589"
Saginaw,0,1,0,0,0,0,0,1,0,0,
Saginaw County,2,1,0,0,0,0,0,1,1,1,
Saginaw Township,2,0,0,0,0,0,1,0,0,1,"39,319"
Saginaw Valley State University,0,0,0,0,1,0,0,0,0,1,"9,105"
Salem,2,0,0,0,0,0,0,1,0,1,"11,887"
Salem,4,0,1,0,0,0,0,3,1,1,"169,565"
Salem,8,5,0,0,0,0,1,5,1,4,"43,385"
Salina,4,1,2,1,0,0,2,2,2,2,"47,251"
Salinas,0,0,1,0,0,0,0,0,1,0,"158,313"
Saline,1,0,0,0,0,0,0,0,0,1,
Saline,1,0,0,0,0,0,0,0,1,0,"9,207"
Salisbury,1,0,0,0,0,0,0,1,0,0,"9,517"
Salisbury,2,0,0,0,0,0,0,1,0,1,"34,085"
Salt Lake City,2,1,1,0,0,0,0,1,1,2,"194,968"
Salt Lake County Unified Police Department,0,3,0,0,0,0,1,0,1,1,
San Angelo,1,0,0,0,0,0,1,0,0,0,"101,931"
San Antonio,2,1,1,0,0,0,1,2,0,1,"1,520,712"
San Bernardino,4,0,4,0,0,0,4,2,2,0,"217,259"
San Bernardino,1,0,0,0,0,0,1,0,0,0,"20,767"
San Bernardino,2,1,0,0,0,0,1,2,0,0,
San Clemente,1,0,0,0,0,0,0,1,0,0,"65,596"
San Diego,17,12,11,0,0,1,17,14,7,3,"1,424,116"
San Diego,7,0,7,0,0,0,3,4,4,3,
San Diego ,0,0,1,0,0,0,0,0,0,1,"34,979"
San Diego State University,0,1,0,0,0,0,0,0,0,1,"34,688"
San Fernando,0,1,0,0,0,0,1,0,0,0,"24,899"
San Francisco,19,8,12,0,0,4,10,6,13,14,"881,255"
San Francisco,0,2,0,0,0,0,0,2,0,0,"3,145"
San Francisco Bay Area Rapid Transit:  ,,,,,,,,,,,
San Francisco County,1,0,1,0,0,0,1,0,1,0,
San Francisco State University,0,0,1,0,0,0,0,0,1,0,"29,045"
San Gabriel,1,1,0,0,0,0,1,0,0,1,"40,531"
San Jacinto,1,0,0,0,0,0,0,1,0,0,"47,932"
San Jose,26,11,7,0,0,1,10,8,16,11,"1,037,529"
San Leandro,6,0,3,1,0,0,3,5,1,1,"91,386"
San Luis Obispo,2,2,1,0,0,0,0,3,1,1,"47,934"
San Luis Obispo,3,0,0,0,0,0,0,1,1,1,
San Marcos,1,1,0,0,0,0,1,0,1,0,"97,290"
San Mateo,2,0,0,0,0,0,1,1,0,0,"105,090"
San Mateo,0,1,0,0,0,0,0,0,1,0,
San Rafael,3,0,0,0,0,0,1,2,0,0,"59,144"
San Ramon,2,1,0,0,0,0,1,1,0,1,"76,325"
San Saba,0,1,0,0,0,0,0,0,0,1,"3,071"
Sandoval,1,0,0,0,0,0,0,0,1,0,"1,211"
Sanford,3,0,0,0,0,1,1,1,2,0,"20,963"
Santa Ana,1,2,0,0,0,0,0,1,1,1,"335,699"
Santa Barbara,2,0,0,0,0,0,0,2,0,0,"24,346"
Santa Barbara,2,0,2,0,0,0,1,3,0,0,
Santa Clara,1,0,0,0,0,0,0,0,1,0,"127,538"
Santa Clara,1,0,0,0,0,2,1,1,0,1,
Santa Clarita,5,5,3,0,0,0,1,6,5,1,"216,350"
Santa Cruz,5,1,3,0,0,0,2,3,2,2,"65,132"
Santa Cruz,1,1,0,0,0,0,0,0,2,0,
Santa Monica,2,0,1,0,0,0,0,0,2,1,"92,935"
Santa Rosa,1,0,1,0,0,0,0,1,1,0,"176,361"
Santa Rosa,0,0,1,0,0,0,1,0,0,0,
Santee,1,0,0,0,0,0,0,1,0,0,"58,563"
Sapulpa,0,1,0,0,0,0,0,0,1,0,"21,062"
Sarasota,0,1,0,0,0,0,0,0,1,0,
Saratoga County ,1,0,0,0,0,0,1,0,0,0,
Sartell,0,0,1,0,0,0,0,0,1,0,"17,353"
Saugus,1,0,0,0,0,0,1,0,0,0,"28,241"
Sault Ste. Marie,1,0,0,0,0,0,1,0,0,0,"13,630"
Saunders,1,0,0,0,0,0,0,0,0,1,
Savage,1,0,1,0,0,0,1,0,1,0,"31,491"
Schodack Town,1,0,0,0,0,0,0,1,0,0,"11,685"
Schoolcraft,1,0,0,0,0,0,0,1,0,0,"1,571"
Schulenburg,0,1,0,0,0,0,0,0,1,0,"2,943"
Scotia Village,0,0,1,0,0,0,1,0,0,0,"7,651"
Scott County,0,2,0,0,0,0,0,0,1,1,
Scottsdale,2,1,1,0,0,0,4,0,0,0,"251,840"
Scottsville,1,0,0,0,0,0,0,1,0,0,"4,446"
Seabrook,1,0,0,0,0,0,0,1,0,0,"8,816"
Seattle,120,45,57,0,1,11,46,66,63,59,"721,365"
Sedgwick,1,0,0,0,0,0,0,0,0,1,"1,695"
Sedgwick,2,0,0,0,0,0,0,0,1,1,
Selinsgrove,1,0,0,0,0,0,0,1,0,0,"5,930"
Seminole,1,0,1,0,0,0,0,0,1,1,
Seven Points,1,0,1,0,0,0,1,0,0,1,"1,462"
Seymour,1,0,0,0,0,0,0,0,1,0,"3,441"
Sharon,0,0,1,0,0,0,1,0,0,0,"18,419"
Shawnee,1,0,0,0,0,0,0,1,0,0,"65,683"
Shawnee,2,1,1,0,0,0,0,2,0,2,
Sheboygan,1,0,0,0,0,0,0,0,0,1,"48,595"
Shelby,1,0,0,0,0,0,0,1,0,0,
Shelby,1,0,0,0,0,0,0,0,1,0,"8,987"
Shelby,0,0,1,0,0,0,1,0,0,0,
Shelby,2,0,0,0,0,0,0,0,2,0,
Shelby Township,4,2,0,0,0,0,2,1,2,1,"79,217"
Shelbyville,2,0,0,1,0,0,0,1,1,1,"15,758"
Shepherd University,2,1,0,0,0,0,1,0,0,2,"3,779"
Sheridan,0,0,1,0,0,0,0,0,1,0,"18,036"
Sherwood,0,1,0,0,0,0,0,0,1,0,"19,473"
Shiawassee County,3,0,0,0,0,0,0,2,1,0,
Shively,2,0,0,0,0,0,0,1,0,1,"15,830"
Shoreline,1,0,1,0,0,0,1,0,1,0,"55,703"
Shreveport,1,0,0,0,0,0,0,0,0,1,"193,937"
Shrewsbury,0,1,0,0,0,0,0,0,1,0,"36,974"
Shrewsbury,0,1,0,0,0,0,0,1,0,0,"4,178"
Sidney,0,0,1,0,0,0,0,1,0,0,"20,466"
Siler City,3,0,0,0,0,0,1,0,1,1,"8,531"
Silsbee,1,0,0,0,0,0,0,0,1,0,"6,747"
Simi Valley,0,2,1,0,0,0,1,0,2,0,"126,635"
Simpson,1,0,0,0,0,0,0,1,0,0,
Sioux Falls,1,2,2,0,0,0,2,2,0,1,"177,888"
Skagit,1,2,0,0,0,0,2,0,1,0,
Skamania,1,0,0,0,0,0,0,1,0,0,
Skippack ,1,1,0,0,0,0,0,1,0,1,
Skokie,1,0,0,0,0,0,0,1,0,0,"64,167"
Smyrna,0,0,1,0,0,0,0,0,0,1,"50,091"
Snohomish,6,2,1,0,0,0,2,2,3,2,
Soda Springs,1,0,0,0,0,0,0,0,0,1,"2,970"
Solano,1,0,0,0,0,0,0,0,0,1,
Somerville,6,2,1,1,0,0,3,3,1,2,"82,326"
Sonoma,4,0,1,0,0,0,2,2,1,0,
South Bend,3,0,0,0,0,0,2,,0,1,"101,857"
South Brunswick Township,1,2,1,0,0,0,2,0,1,1,"46,280"
South Burlington,1,0,0,0,0,0,0,1,0,0,"19,146"
South Central Kentucky Drug Task Force,3,0,0,0,0,0,0,0,3,0,
South Euclid,0,0,0,1,0,0,0,0,1,0,"21,628"
South Gate,1,0,0,0,0,0,1,0,0,0,"95,717"
South Jordan,2,2,0,0,0,0,1,1,1,1,"72,533"
South Lake Tahoe,1,0,4,0,0,0,4,1,0,0,"21,768"
South Milwaukee,1,0,0,0,0,0,1,0,0,0,"21,039"
South Ogden,0,1,0,0,0,0,0,0,1,0,"17,177"
South Orange Village,4,1,1,0,0,0,3,0,1,2,"16,407"
South Plainfield,1,0,0,0,0,0,1,0,0,0,"24,458"
South Plains College,0,0,1,0,0,0,0,0,0,1,"9,478"
South River,1,0,0,0,0,0,0,1,0,0,"16,399"
South Salt Lake,1,0,0,0,0,0,0,0,1,0,"24,811"
South San Francisco,1,0,1,0,0,0,0,0,0,2,"67,533"
South Sioux City,2,0,0,0,0,0,1,0,0,1,"13,078"
Southampton Town,1,1,1,0,0,0,1,0,1,1,"50,987"
Southbridge,0,1,0,0,0,0,0,1,0,0,"16,860"
Southfield,2,3,0,0,0,0,2,0,2,1,"73,324"
Southgate,4,0,0,0,0,0,0,0,0,4,"28,939"
Southington,1,0,0,0,0,0,0,1,0,0,"43,769"
Sparta,1,0,0,0,0,0,0,0,1,0,"4,370"
Spearfish,1,0,0,0,0,0,1,0,0,0,"11,697"
Spirit Lake,1,0,0,0,0,0,0,0,0,1,"2,207"
Spokane,22,2,3,0,1,0,16,8,0,4,"217,066"
Spokane,8,3,0,0,0,0,3,4,3,1,
Spokane Valley,9,3,2,0,0,0,1,4,5,4,"97,430"
Spotsylvania,2,3,2,0,0,0,2,3,2,0,
Spring Lake Park,1,0,0,0,0,0,1,0,0,0,"6,482"
Spring Valley Village,0,1,0,0,0,0,0,1,0,0,"32,795"
Springfield,2,0,1,0,0,0,0,0,3,0,"115,568"
Springfield,5,1,1,0,0,1,4,2,1,1,"154,562"
Springfield,1,0,0,0,0,0,0,0,0,1,"62,318"
Springfield Technical Community College,3,0,0,0,0,0,0,0,0,3,"5,622"
"Springfield Township, Hamilton County",1,0,2,0,0,1,0,1,0,3,"36,571"
"Springfield Township, Summit County",1,0,0,0,0,0,1,0,0,0,"14,434"
"Springfield Township, Union County",1,0,0,0,0,0,1,0,0,0,"17,805"
St. Albans,1,2,0,1,0,0,0,1,1,2,"6,772"
St. Anthony,1,0,0,0,0,0,0,0,0,1,"9,159"
St. Augustine,1,0,0,0,0,0,0,1,0,0,"14,500"
St. Charles,0,10,0,0,0,0,3,2,3,2,
St. Clair Township,0,0,0,1,0,0,0,0,0,1,"7,583"
St. Cloud,1,1,0,0,0,0,1,0,1,0,"67,911"
St. Croix,0,2,0,0,0,0,1,1,0,0,
St. George,1,0,0,0,0,0,0,0,1,0,"2,181"
St. George,4,0,0,0,0,0,3,0,0,1,"84,007"
St. Helena,2,0,0,0,0,0,0,1,1,0,"6,210"
St. James,1,0,0,0,0,0,0,0,0,1,
St. John the Baptist,0,0,1,0,0,0,0,0,0,1,
St. Johns,2,0,0,0,0,0,1,0,1,0,"3,581"
St. Johns,3,0,0,0,0,0,1,2,0,0,
St. Johnsbury,1,0,0,0,0,0,0,1,0,0,"7,196"
St. Joseph,1,0,0,0,0,0,0,0,1,0,"8,276"
St. Joseph County,1,0,0,0,0,0,0,1,0,0,
St. Louis,11,0,0,0,0,0,3,4,2,2,"310,284"
"St. Louis Community College, Meramec",2,1,0,0,0,0,2,0,1,0,"19,052"
St. Louis County Police Department,0,2,0,0,0,0,1,0,1,0,
St. Louis Park,3,4,2,0,0,0,3,1,2,2,"49,355"
St. Matthews,4,1,0,0,0,0,1,2,0,2,"18,163"
St. Paul,11,5,1,0,0,0,5,8,2,2,"306,696"
St. Tammany,1,0,0,0,0,0,0,1,0,0,
Stafford,4,1,0,0,0,0,1,3,0,1,
Stamford,3,3,0,0,0,0,1,0,3,2,"130,189"
Stanislaus,1,0,0,0,0,0,0,0,1,0,
Stark,0,1,0,0,0,0,0,1,0,0,
State Capitol Police,0,1,1,0,0,0,1,0,1,0,
State Center Community College District,3,0,0,0,0,0,0,0,0,3,"39,661"
State Fire Marshal,0,1,0,0,0,0,1,0,0,0,
"State Police, Benton County",1,0,0,0,0,0,1,0,0,0,
"State Police, Grafton County",1,0,0,0,0,0,0,1,0,0,
"State Police, Somerset County",0,0,1,0,0,0,0,0,1,0,
State Police:,,,,,,,,,,,
State Police:,,,,,,,,,,,
State Police:,,,,,,,,,,,
State Police:,,,,,,,,,,,
State Police:,,,,,,,,,,,
State Police:,,,,,,,,,,,
State Police:  ,,,,,,,,,,,
State University of New York Police:  ,,,,,,,,,,,
Steamboat Springs,0,1,0,0,0,0,1,0,0,0,"12,799"
Steuben County ,1,0,0,0,0,0,0,0,1,0,
Stillwater,0,1,0,0,0,0,0,0,1,0,"19,394"
Stillwater,0,1,1,0,0,0,0,2,0,0,"50,159"
Stockton,2,3,1,0,0,0,3,0,2,1,"309,566"
Stockton University,2,0,0,0,0,0,,,2,,"8,728"
Stone Harbor,0,0,2,0,0,0,0,1,1,0,827
Stoneham,0,0,0,1,0,0,1,0,0,0,"22,077"
Stoughton,0,1,0,0,0,0,0,0,0,1,"28,678"
Streetsboro,0,0,1,1,0,0,0,1,1,0,"16,308"
Sudbury,0,1,0,0,0,0,0,0,1,0,"19,120"
Suffolk,1,0,2,0,0,0,0,1,2,0,"89,922"
Suffolk County,4,0,0,0,0,0,1,1,,2,
Suffolk County Police Department,7,26,3,0,0,0,10,13,10,3,
Sugarcreek Township,1,0,0,0,0,0,0,0,1,0,"8,300"
Sullivan,1,0,0,0,0,0,0,0,1,0,
Sullivan County ,1,2,0,0,0,0,0,2,1,0,
Sullivans Island,0,1,0,0,0,0,0,1,0,0,"1,961"
Summit,0,1,0,0,0,0,0,1,0,0,"22,195"
Sumter,0,0,1,0,0,0,1,0,0,0,
Sunnyvale,1,0,0,0,0,1,1,1,0,0,"154,919"
Sunrise,1,1,0,0,0,0,0,0,0,2,"95,342"
Surry,1,0,0,0,0,0,1,0,0,0,
Sutter,0,1,0,0,0,0,0,0,0,1,
Swampscott,0,1,0,0,1,0,2,0,0,0,"15,016"
Sylvania Township,1,0,0,0,0,0,0,0,0,1,"29,536"
Tacoma,7,1,0,0,0,0,2,2,4,0,"213,504"
Taft,1,0,0,0,0,0,0,0,0,1,"9,393"
Tallahassee Community College,0,1,0,0,0,0,0,0,1,0,"12,200"
Tampa,3,0,0,0,0,0,2,0,0,1,"384,360"
Taney,1,0,0,0,0,0,1,0,0,0,
Taneytown,1,0,0,0,0,0,1,0,,,"6,762"
Taunton,1,1,0,1,2,0,4,1,0,0,"57,047"
Tawas,1,0,0,0,0,0,1,0,0,0,"4,522"
Taylor,1,0,0,0,0,0,0,1,0,0,
Taylor,3,0,0,0,0,0,0,2,1,0,"60,882"
Teaneck Township,2,1,0,0,0,0,0,1,1,1,"41,377"
Temple,2,0,0,0,0,0,0,0,0,2,"74,794"
Tenafly,0,1,0,0,0,0,0,1,0,0,"14,960"
Tennessee Bureau of Investigation,0,0,0,1,0,0,0,0,1,0,
Tennessee Technological University,1,0,0,0,0,0,1,0,0,0,"10,493"
Teton,1,0,0,0,0,0,0,0,1,0,
Tewksbury,1,0,0,0,0,0,0,1,0,0,"31,245"
"Texas Tech University, Lubbock",0,0,1,0,0,0,,,0,1,"36,551"
The Citadel,1,0,0,0,0,0,0,1,0,0,"3,602"
Thomas Township,0,1,0,0,0,0,0,0,1,0,"11,450"
Thorndale,1,0,0,0,0,0,0,0,1,0,"1,293"
Thousand Oaks,0,1,0,0,0,0,0,1,0,0,"129,240"
Thurston,2,0,0,0,0,0,0,1,1,0,
Tigard,4,3,1,0,0,0,3,1,3,1,"52,524"
Tioga County ,0,1,0,0,0,0,0,0,0,1,
Tipp City,0,1,0,0,0,0,0,0,0,1,"9,957"
Titusville,5,0,0,0,0,0,0,0,5,0,"46,425"
Toledo,2,0,0,0,0,0,1,0,0,1,"277,116"
Tomahawk,0,1,0,0,0,0,0,1,0,0,"3,169"
Tompkins County ,0,1,0,0,0,0,1,0,0,0,
Toms River Township,1,3,0,0,0,0,2,1,1,0,"92,543"
Tonganoxie,0,0,0,1,0,0,0,1,0,0,"5,379"
Topeka,1,0,0,0,0,0,1,0,0,0,"126,624"
Toppenish,1,0,0,0,0,0,0,0,1,0,"8,974"
Torrance,4,0,1,0,0,0,2,2,0,1,"147,482"
Torrington,4,1,0,0,0,0,2,2,0,1,"34,372"
Transit Administration,1,0,1,0,0,0,1,0,0,1,
Transylvania,1,0,0,0,0,0,0,1,0,0,
Traverse City,0,3,1,0,0,0,0,2,2,0,"15,617"
Travis,2,1,3,0,0,0,2,2,0,2,
Trenton,0,1,0,0,0,0,1,0,0,0,"18,161"
Trenton,0,1,0,0,0,0,1,0,0,0,"84,231"
Trigg,1,0,0,0,0,0,0,0,0,1,
Trinidad,1,0,0,0,0,0,0,0,0,1,"7,961"
Trotwood,1,0,0,0,0,0,1,0,0,0,"24,308"
Troy,3,0,0,0,1,0,0,2,2,0,"84,086"
Troy,0,0,1,0,0,0,1,0,0,0,"49,644"
Trumbull,4,4,1,0,0,0,4,2,1,2,"36,265"
Truro,1,0,0,0,0,0,0,0,0,1,"2,018"
Tucson,0,1,3,1,0,0,1,2,1,1,"532,323"
Tukwila,5,0,1,0,0,1,0,3,3,1,"20,183"
Tulsa,1,1,0,0,0,0,1,0,1,0,
Tumwater,1,0,0,0,0,0,0,1,0,0,"22,961"
Turlock,3,0,0,0,0,0,0,0,2,1,"73,488"
Tustin,1,0,0,0,0,0,0,0,0,1,"81,246"
Twin Falls,0,2,1,2,0,0,0,1,0,4,"48,912"
Uintah,4,0,1,0,0,0,1,2,1,1,
Ulster County ,1,1,0,0,0,0,1,0,1,0,
Umatilla,0,0,0,1,0,0,1,0,0,0,
Union,2,0,0,0,0,0,2,0,0,0,"7,940"
Union,0,0,0,1,0,0,1,0,0,0,
Union City,2,0,0,0,0,0,0,0,0,2,"76,311"
Union City,1,0,0,0,0,0,0,1,0,0,"70,053"
Union Gap,0,1,0,0,0,0,1,0,0,0,"6,104"
Union Township,1,0,0,0,0,0,1,0,0,0,"59,051"
University City,1,0,0,0,0,0,0,1,0,0,"34,601"
University of Arizona,1,1,1,0,0,0,0,0,3,,"43,161"
University of California:  ,,,,,,,,,,,
"University of Colorado, Boulder",0,1,0,0,0,0,1,0,0,0,"33,977"
University of Delaware,4,1,1,0,0,0,3,0,1,2,"23,009"
University of Georgia,2,0,0,0,0,0,1,0,1,0,"36,574"
University of Kentucky,2,2,0,0,0,0,3,1,0,0,"29,781"
University of Mary Washington,0,2,1,0,0,0,1,0,2,0,"4,726"
University of Maryland:  ,,,,,,,,,,,
"University of Massachusetts, Amherst",1,0,0,0,0,0,0,0,0,1,"30,037"
University of Michigan:  ,,,,,,,,,,,
"University of Minnesota, Twin Cities",3,2,0,0,0,0,2,2,1,0,"51,579"
"University of Missouri, Columbia",0,1,0,0,0,0,1,0,0,0,"33,239"
University of Montana,1,0,0,0,0,0,0,0,0,1,"12,419"
University of New Hampshire,0,0,1,0,0,0,0,0,0,1,"15,188"
University of North Carolina Hospitals,1,0,0,0,0,0,1,0,0,0,
"University of North Carolina, Pembroke",1,0,0,0,0,0,0,1,0,0,"6,268"
"University of Pittsburgh, Pittsburgh",0,1,0,0,0,0,1,0,0,0,"28,664"
"University of South Florida, Tampa",1,0,0,0,0,0,1,0,0,0,"42,861"
University of Southern Maine,1,4,2,0,0,0,2,3,0,2,"7,855"
University of the South,1,0,0,0,0,0,0,0,0,1,"1,815"
University of Vermont,2,2,0,1,0,0,1,2,1,1,"13,105"
University of Washington,3,0,0,0,1,0,1,0,1,2,"45,591"
University of West Florida,0,0,1,0,0,0,0,0,0,1,"12,966"
University of Wyoming,1,0,0,0,0,0,0,1,0,0,"12,366"
University Park,2,1,0,0,0,0,0,0,1,2,"47,789"
Upper Arlington,1,0,0,0,0,0,0,1,0,0,"35,214"
Urbana,1,0,0,0,0,0,0,1,0,0,"42,091"
Urbandale,1,0,0,0,0,0,0,0,0,1,"43,637"
Utah Transit Authority,11,1,1,0,0,2,4,5,3,3,
Utica,0,1,0,0,0,0,0,0,1,0,"60,395"
Vacaville,2,2,0,0,0,0,2,1,0,1,"99,293"
Valley Center,2,0,0,0,0,0,0,2,0,0,"7,431"
Van Buren,3,2,0,0,0,0,0,1,4,0,
Van Buren County,0,1,0,0,1,0,2,0,0,0,
Van Buren Township,2,0,0,0,0,0,1,0,1,0,"27,911"
Van Wert,1,0,0,0,0,0,0,1,0,0,"10,713"
Vancouver,1,0,0,0,0,0,0,0,1,0,"176,884"
Vanderburgh County,1,0,0,0,0,0,0,0,0,1,
Ventura,4,0,0,0,0,0,2,0,1,1,"110,006"
Ventura,2,1,0,0,0,0,0,0,2,1,
Ventura County Community College District,1,0,0,0,0,0,0,0,1,0,"33,976"
Vernon,0,1,0,0,0,0,0,0,1,0,113
Verona,1,0,0,0,0,0,1,0,0,0,"13,584"
Versailles,0,1,0,0,0,0,0,1,0,0,"26,320"
Victoria,1,0,0,0,0,0,0,1,0,0,"68,544"
Victorville,1,0,1,0,0,0,0,1,1,0,"123,284"
Vidalia,1,0,0,0,0,0,0,,1,,"4,015"
Vienna,1,0,0,0,0,0,0,0,0,1,"16,590"
Vigo,2,0,0,0,0,0,0,0,1,1,
Villa Hills,1,0,0,0,0,0,1,0,0,0,"7,494"
Vineland,8,0,1,0,0,0,1,0,4,4,"60,477"
Vinton,0,1,0,0,0,0,0,0,1,0,"8,207"
Virginia Beach,5,1,0,1,0,0,2,4,1,0,"454,353"
Virginia Polytechnic Institute and State University,2,0,0,0,0,0,0,1,0,1,"33,170"
Visalia,1,0,0,0,0,0,1,0,0,0,"132,143"
Vista,4,1,1,0,0,0,0,3,2,1,"103,004"
Volusia,1,0,0,0,0,0,1,0,0,0,
Voorhees Township,1,0,0,0,0,0,0,0,1,0,"29,532"
Wadsworth,3,0,1,0,0,0,1,0,1,2,"23,388"
Wagoner,1,0,0,0,0,0,0,0,1,0,"8,931"
Wahpeton,0,1,0,0,0,0,0,0,0,1,"7,841"
Wake,2,0,0,0,0,0,0,1,0,1,
Waldo,0,0,0,0,0,1,0,1,0,0,
Walla Walla,1,0,0,0,0,0,0,1,0,0,"32,189"
Walnut,1,0,0,0,0,0,0,1,0,0,"30,189"
Walpole,1,0,0,0,0,0,0,0,1,0,"25,312"
Waltham,1,1,1,1,2,0,0,3,1,2,"63,413"
Ware,1,0,0,0,0,0,0,0,1,0,"9,907"
Warner Robins,1,0,0,0,0,0,1,0,0,0,"75,323"
Warren,3,0,0,0,0,0,0,0,0,3,
Warren,1,0,0,0,0,0,1,0,0,0,"135,303"
Warren,1,0,0,0,0,0,0,0,1,0,
Warren,1,0,0,0,0,0,,,,1,
Warren,1,0,0,0,0,0,0,0,0,1,
Warren,0,0,0,1,0,0,0,1,0,0,
Warrenton,1,0,0,0,0,0,0,1,0,0,"8,168"
Washington,87,12,56,1,0,13,27,40,45,57,"693,972"
Washington,1,0,0,0,0,0,1,0,0,0,
Washington,0,1,0,0,0,0,0,1,0,0,
Washington,1,0,0,0,0,0,0,1,0,0,
Washington,1,0,0,0,0,0,0,0,1,0,
Washington,1,0,1,0,0,0,1,0,0,1,"26,618"
Washington County,0,0,1,0,0,0,1,0,0,0,
Washington County,0,0,1,0,0,0,0,1,0,0,
"Washington State University, Pullman",0,0,1,0,0,0,0,1,0,0,"30,142"
"Washington Township, Franklin County",1,0,0,0,0,0,1,0,0,0,"14,678"
"Washington Township, Gloucester County",1,0,1,0,0,0,0,1,1,0,"48,088"
"Washington Township, Warren County",1,0,0,0,0,0,0,1,0,0,"6,429"
Washtenaw,4,0,0,0,0,0,3,0,1,0,
Washtenaw County,2,0,0,0,0,0,0,0,0,2,
Waterbury,0,1,0,0,0,0,0,0,1,0,"107,924"
Waterford Township,2,0,0,0,0,0,1,0,1,0,"10,817"
Watertown,0,0,0,0,0,1,1,0,0,0,"35,586"
Waukee,1,0,1,0,0,0,1,0,1,0,"20,359"
Wayne,1,0,0,0,0,0,0,0,1,0,"16,857"
Wayne County,1,0,0,0,0,0,1,0,0,0,
Wayne County ,1,1,0,0,0,0,0,1,0,1,
Wayne County Airport,0,1,0,0,0,0,1,0,0,0,
Waynesville,1,0,0,0,0,0,0,0,1,0,"9,977"
Webb,1,0,0,0,0,0,0,0,1,0,
Weber,1,0,0,0,0,0,0,0,1,0,
Weber Morgan Narcotics Strike Force,2,0,0,0,0,0,0,1,0,1,
Webster,1,0,0,0,0,0,0,0,0,1,"16,883"
Weehawken Township,2,0,0,0,0,0,0,0,0,2,"15,683"
Wentzville,1,0,0,0,0,0,0,1,0,0,"38,876"
West Allis,1,0,0,0,0,0,0,0,0,1,"60,043"
West Bloomfield Township,0,3,0,0,0,0,2,1,0,0,"65,948"
West Chester Township,1,0,0,0,0,0,0,1,0,0,"61,386"
West Chicago,0,0,1,0,0,0,0,0,1,0,"27,219"
West Covina,0,3,0,0,0,0,3,0,0,0,"108,128"
West Drug Enforcement Branch,1,0,0,0,0,0,0,1,0,0,
West Hartford,1,0,0,0,0,0,0,0,0,1,"62,812"
West Hollywood,5,0,4,0,0,0,4,1,2,2,"37,093"
West Jordan,0,1,0,0,0,0,0,0,0,1,"115,390"
West Long Branch,1,0,1,0,0,0,1,0,0,1,"7,944"
West New York,1,0,0,0,0,0,0,0,1,0,"54,156"
West Palm Beach,2,0,0,0,0,0,1,1,0,0,"109,459"
West Richland,0,0,0,1,0,0,1,0,0,0,"14,603"
West Valley,3,0,0,0,0,0,0,1,2,0,"137,762"
West Windsor Township,1,1,0,0,0,0,2,0,0,0,"28,495"
Westampton Township,2,0,0,0,0,0,0,1,1,0,"8,775"
Westborough,0,1,0,0,0,0,0,1,0,0,"19,074"
Westchester County ,2,3,1,0,0,0,4,1,0,1,
Western Kentucky University,1,0,0,0,0,0,0,1,0,0,"20,271"
Western Washington University,0,1,0,0,0,0,0,0,0,1,"15,574"
Westerville,1,0,0,0,0,0,0,0,1,0,"39,418"
Westfield State University,10,2,0,0,0,0,0,0,1,9,"6,335"
Westland,2,0,0,0,0,0,0,0,0,2,"81,158"
Westminster,2,2,0,0,0,0,0,2,2,0,"91,863"
Westminster,1,0,0,0,0,0,0,1,,,"18,682"
Westminster,1,0,0,0,0,0,0,0,0,1,"2,514"
Westmoreland,0,0,1,0,0,0,1,0,0,0,
Westmoreland County,0,0,0,1,0,0,0,0,0,1,
Weston,1,2,0,0,0,0,0,0,1,2,"70,796"
Westport,1,0,0,0,0,0,0,0,1,0,"28,079"
Wewoka,1,0,1,0,0,0,0,1,0,1,"3,390"
Wexford County,1,0,0,0,0,0,0,0,0,1,
Whatcom,5,1,1,0,0,0,0,0,5,1,
Wheaton,0,1,0,0,0,0,0,1,0,0,"53,444"
White Bluff,0,0,0,1,0,0,0,1,0,0,"3,483"
White Lake Township,1,0,0,0,0,0,0,1,0,0,"31,016"
White Plains,1,0,0,0,0,0,0,1,0,0,"58,461"
White Sulphur Springs,0,1,0,0,0,0,0,1,0,0,"2,417"
Whitefish,1,0,0,0,0,0,0,0,1,0,"7,446"
Whitehall,1,0,0,0,0,0,1,0,0,0,"18,835"
Whitestown,0,1,0,0,0,0,0,0,1,0,"7,464"
Wichita,2,1,3,0,0,0,2,3,0,1,"391,084"
Wickenburg,0,0,1,0,0,0,0,0,0,1,"6,979"
Wicomico,1,1,0,0,0,0,0,2,0,0,
Wildomar,1,0,0,0,0,0,0,1,0,0,"36,683"
Wildwood,1,0,0,0,0,0,0,0,1,0,"5,087"
Wilkes-Barre,1,0,0,0,0,0,0,1,0,0,"40,418"
Will,0,1,0,0,0,0,0,1,0,0,
Willard,0,1,0,0,0,0,0,1,0,0,"5,452"
Williamsburg,1,0,0,0,0,0,1,0,0,0,
Williamson,1,0,0,0,0,0,0,0,1,0,
Willimantic,1,0,0,0,0,0,0,0,1,0,"17,768"
Willingboro Township,0,2,0,0,0,0,0,0,2,0,"31,726"
Williston,3,0,0,0,0,0,3,0,0,0,"9,731"
Willmar,0,1,0,0,0,0,0,0,1,0,"19,553"
Willoughby,1,0,0,0,0,0,1,0,0,0,"22,857"
Wilmington,1,0,1,0,0,0,0,0,0,2,"71,552"
Wilmington,5,0,1,0,0,0,1,1,2,2,"119,422"
Wilmington,2,0,0,0,0,0,1,0,1,0,"12,416"
Wilmore,1,0,0,0,0,0,0,0,1,0,"6,380"
Wilson,0,0,2,0,0,0,0,1,1,0,"49,686"
Wilton,1,2,0,0,0,0,0,0,2,1,"18,643"
Wilton Manors,0,3,0,0,0,0,0,1,2,0,"12,861"
Winchester,1,0,0,0,0,0,0,1,0,0,"18,478"
Winchester,1,0,0,0,0,0,1,0,0,0,
Windsor,0,0,1,0,0,0,1,0,0,0,"27,679"
Windsor,1,0,0,0,0,0,0,0,0,1,"23,523"
Windsor,1,0,0,0,0,0,0,1,0,0,"28,836"
Winnebago,0,1,0,0,0,0,0,0,0,1,
Winnsboro,2,0,0,0,0,0,0,1,1,0,"3,276"
Winooski,0,0,1,0,0,0,0,1,0,0,"7,105"
Winter Park,0,1,0,0,0,0,0,1,0,0,"30,602"
Wisconsin Rapids,0,0,1,0,0,0,0,0,1,0,"17,807"
Wolfe,1,0,0,0,0,0,0,0,0,1,
Wolfforth,1,0,0,0,0,0,0,0,1,0,"4,552"
Woodbridge,0,1,0,0,0,0,0,1,0,0,"8,816"
Woodbridge Township,0,2,0,0,0,0,1,0,0,1,"102,129"
Woodbury,27,1,4,1,0,0,4,10,14,5,"9,970"
Woodstock,1,0,0,0,0,0,0,1,0,0,"32,293"
Woodward,1,0,0,0,0,0,0,1,0,0,"12,655"
Wooster,0,0,0,1,0,0,0,1,0,0,"27,172"
Worcester,5,1,0,0,0,0,2,2,0,1,"185,107"
Worthington,0,1,0,0,0,0,0,0,0,1,"1,565"
Wrentham,0,1,0,0,0,0,0,0,0,1,"11,838"
Wright,1,0,1,0,0,0,1,0,0,1,
Wyandotte,2,0,0,0,0,0,0,1,0,1,"24,817"
Wyoming,4,0,0,0,0,0,0,0,4,0,"76,153"
Xenia,1,0,0,0,0,0,1,0,0,0,"26,331"
Yakima,6,0,1,0,0,0,3,2,1,1,"94,375"
Yakima,7,0,0,0,0,0,1,2,3,1,
Yale University,3,0,0,0,0,0,1,0,2,0,"12,458"
Yellowstone,1,0,1,0,0,0,1,1,0,0,
Yonkers,2,2,0,0,0,0,2,0,2,0,"201,554"
Yorba Linda,0,1,0,0,0,0,0,0,1,0,"68,889"
York,1,0,0,0,0,0,0,1,0,0,
Yuba,4,0,0,0,0,0,3,1,0,0,
Yucca Valley,1,0,0,0,0,0,0,0,0,1,"21,806"
Yuma,1,0,2,0,0,0,1,0,2,0,"95,522"
Yuma,1,0,0,0,0,0,1,0,0,0,
Zanesville,1,0,1,1,0,0,0,0,1,2,"25,457"
,,,,,,,,,,,
,,,,,,,,,,,
,,,,,,,,,,,
,,,,,,,,,,,
,,,,,,,,,,,
,,,,,,,,,,,
,,,,,,,,,,,
,,,,,,,,,,,
,,,,,,,,,,,
,,,,,,,,,,,
,,,,,,,,,,,
,,,,,,,,,,,
,,,,,,,,,,,
,,,,,,,,,,,
,,,,,,,,,,,
,,,,,,,,,,,
,,,,,,,,,,,
,,,,,,,,,,,
,,,,,,,,,,,
,,,,,,,,,,,
,,,,,,,,,,,
,,,,,,,,,,,
,,,,,,,,,,,
,,,,,,,,,,,
,,,,,,,,,,,
,,,,,,,,,,,
,,,,,,,,,,,
,,,,,,,,,,,
,,,,,,,,,,,
,,,,,,,,,,,
,,,,,,,,,,,
,,,,,,,,,,,
,,,,,,,,,,,
,,,,,,,,,,,
,,,,,,,,,,,
,,,,,,,,,,,
,,,,,,,,,,,
,,,,,,,,,,,
,,,,,,,,,,,
,,,,,,,,,,,
,,,,,,,,,,,
,,,,,,,,,,,
,,,,,,,,,,,
,,,,,,,,,,,
,,,,,,,,,,,
,,,,,,,,,,,
,,,,,,,,,,,
,,,,,,,,,,,
,,,,,,,,,,,
,,,,,,,,,,,
,,,,,,,,,,,
,,,,,,,,,,,
,,,,,,,,,,,
,,,,,,,,,,,
,,,,,,,,,,,
,,,,,,,,,,,
,,,,,,,,,,,
,,,,,,,,,,,
,,,,,,,,,,,
,,,,,,,,,,,
,,,,,,,,,,,
,,,,,,,,,,,
,,,,,,,,,,,
,,,,,,,,,,,
,,,,,,,,,,,
,,,,,,,,,,,
,,,,,,,,,,,
,,,,,,,,,,,
,,,,,,,,,,,
,,,,,,,,,,,
,,,,,,,,,,,
,,,,,,,,,,,
,,,,,,,,,,,
,,,,,,,,,,,
,,,,,,,,,,,
,,,,,,,,,,,
,,,,,,,,,,,
,,,,,,,,,,,
,,,,,,,,,,,
,,,,,,,,,,,
,,,,,,,,,,,
,,,,,,,,,,,
,,,,,,,,,,,
,,,,,,,,,,,
,,,,,,,,,,,
,,,,,,,,,,,
,,,,,,,,,,,
,,,,,,,,,,,
,,,,,,,,,,,
,,,,,,,,,,,
,,,,,,,,,,,
,,,,,,,,,,,
,,,,,,,,,,,
,,,,,,,,,,,
,,,,,,,,,,,
,,,,,,,,,,,
,,,,,,,,,,,
,,,,,,,,,,,
,,,,,,,,,,,
,,,,,,,,,,,
,,,,,,,,,,,
,,,,,,,,,,,
,,,,,,,,,,,
,,,,,,,,,,,
,,,,,,,,,,,
,,,,,,,,,,,
,,,,,,,,,,,
,,,,,,,,,,,
,,,,,,,,,,,
,,,,,,,,,,,
,,,,,,,,,,,
,,,,,,,,,,,
,,,,,,,,,,,
,,,,,,,,,,,
,,,,,,,,,,,
,,,,,,,,,,,
,,,,,,,,,,,
,,,,,,,,,,,
,,,,,,,,,,,
,,,,,,,,,,,
,,,,,,,,,,,
,,,,,,,,,,,
,,,,,,,,,,,
,,,,,,,,,,,
,,,,,,,,,,,
,,,,,,,,,,,
,,,,,,,,,,,
,,,,,,,,,,,
,,,,,,,,,,,
,,,,,,,,,,,
,,,,,,,,,,,
,,,,,,,,,,,
,,,,,,,,,,,
,,,,,,,,,,,
,,,,,,,,,,,
,,,,,,,,,,,
,,,,,,,,,,,
,,,,,,,,,,,
,,,,,,,,,,,
,,,,,,,,,,,
,,,,,,,,,,,
,,,,,,,,,,,
,,,,,,,,,,,
,,,,,,,,,,,
,,,,,,,,,,,
,,,,,,,,,,,
,,,,,,,,,,,
,,,,,,,,,,,
,,,,,,,,,,,
,,,,,,,,,,,
,,,,,,,,,,,
,,,,,,,,,,,
,,,,,,,,,,,
,,,,,,,,,,,
,,,,,,,,,,,
,,,,,,,,,,,
,,,,,,,,,,,
,,,,,,,,,,,
,,,,,,,,,,,
,,,,,,,,,,,
,,,,,,,,,,,
,,,,,,,,,,,
,,,,,,,,,,,
,,,,,,,,,,,
,,,,,,,,,,,
,,,,,,,,,,,
,,,,,,,,,,,
,,,,,,,,,,,
,,,,,,,,,,,
,,,,,,,,,,,
,,,,,,,,,,,
,,,,,,,,,,,
,,,,,,,,,,,
,,,,,,,,,,,
,,,,,,,,,,,
,,,,,,,,,,,
,,,,,,,,,,,
,,,,,,,,,,,
,,,,,,,,,,,
,,,,,,,,,,,
,,,,,,,,,,,
,,,,,,,,,,,
,,,,,,,,,,,
,,,,,,,,,,,
,,,,,,,,,,,
,,,,,,,,,,,
,,,,,,,,,,,
,,,,,,,,,,,
,,,,,,,,,,,
,,,,,,,,,,,
,,,,,,,,,,,
,,,,,,,,,,,
,,,,,,,,,,,
,,,,,,,,,,,
,,,,,,,,,,,
,,,,,,,,,,,
,,,,,,,,,,,
,,,,,,,,,,,
,,,,,,,,,,,
,,,,,,,,,,,
,,,,,,,,,,,
,,,,,,,,,,,
,,,,,,,,,,,
,,,,,,,,,,,
,,,,,,,,,,,
,,,,,,,,,,,
,,,,,,,,,,,
,,,,,,,,,,,
,,,,,,,,,,,
,,,,,,,,,,,
,,,,,,,,,,,
,,,,,,,,,,,
,,,,,,,,,,,
,,,,,,,,,,,
,,,,,,,,,,,
,,,,,,,,,,,
,,,,,,,,,,,
,,,,,,,,,,,
,,,,,,,,,,,
,,,,,,,,,,,
,,,,,,,,,,,
,,,,,,,,,,,
,,,,,,,,,,,
,,,,,,,,,,,
,,,,,,,,,,,
,,,,,,,,,,,
,,,,,,,,,,,
,,,,,,,,,,,
,,,,,,,,,,,
,,,,,,,,,,,
,,,,,,,,,,,
,,,,,,,,,,,
,,,,,,,,,,,
,,,,,,,,,,,
,,,,,,,,,,,
,,,,,,,,,,,
,,,,,,,,,,,
,,,,,,,,,,,
,,,,,,,,,,,
,,,,,,,,,,,
,, ,,,,,,,,,